Unity Editor version:    6000.3.10f1 (e35f0c77bd8e)
Branch:                  6000.3/staging
Build type:              Release
Batch mode:              YES
macOS version:           Version 26.4.1 (Build 25E253)
Darwin version:          25.4.0
Architecture:            arm64
Running under Rosetta:   NO
Available memory:        8192 MB
Date:                    2026-05-14T20:05:15Z
[Licensing::Module] Trying to connect to existing licensing client channel...
[Licensing::IpcConnector] Successfully connected to: "LicenseClient-catarinasousa" at "2026-05-14T20:05:15.52094Z"

COMMAND LINE ARGUMENTS:
/Applications/Unity/Hub/Editor/6000.3.10f1/Unity.app/Contents/MacOS/Unity
-adb2
-batchMode
-noUpm
-name
AssetImportWorker1
-projectPath
/Users/catarinasousa/Projetos/PI/VR
-logFile
Logs/AssetImportWorker1.log
-srvPort
62499
-licensingIpc
LicenseClient-catarinasousa
-job-worker-count
3
-background-job-worker-count
8
-gc-helper-count
1
-name AssetImport
Successfully changed project path to: /Users/catarinasousa/Projetos/PI/VR
/Users/catarinasousa/Projetos/PI/VR
[UnityMemory] Configuration Parameters - Can be set up in boot.config
    "memorysetup-allocator-temp-initial-block-size-main=262144"
    "memorysetup-allocator-temp-initial-block-size-worker=262144"
    "memorysetup-temp-allocator-size-background-worker=32768"
    "memorysetup-temp-allocator-size-job-worker=262144"
    "memorysetup-temp-allocator-size-preload-manager=33554432"
    "memorysetup-temp-allocator-size-nav-mesh-worker=65536"
    "memorysetup-temp-allocator-size-audio-worker=65536"
    "memorysetup-temp-allocator-size-cloud-worker=32768"
    "memorysetup-bucket-allocator-granularity=16"
    "memorysetup-bucket-allocator-bucket-count=8"
    "memorysetup-bucket-allocator-block-size=33554432"
    "memorysetup-bucket-allocator-block-count=8"
    "memorysetup-main-allocator-block-size=16777216"
    "memorysetup-thread-allocator-block-size=16777216"
    "memorysetup-gfx-main-allocator-block-size=16777216"
    "memorysetup-gfx-thread-allocator-block-size=16777216"
    "memorysetup-cache-allocator-block-size=4194304"
    "memorysetup-typetree-allocator-block-size=2097152"
    "memorysetup-profiler-bucket-allocator-granularity=16"
    "memorysetup-profiler-bucket-allocator-bucket-count=8"
    "memorysetup-profiler-bucket-allocator-block-size=33554432"
    "memorysetup-profiler-bucket-allocator-block-count=8"
    "memorysetup-profiler-allocator-block-size=16777216"
    "memorysetup-profiler-editor-allocator-block-size=1048576"
    "memorysetup-temp-allocator-size-main=16777216"
    "memorysetup-job-temp-allocator-block-size=2097152"
    "memorysetup-job-temp-allocator-block-size-background=1048576"
    "memorysetup-job-temp-allocator-reduction-small-platforms=262144"
    "memorysetup-temp-allocator-size-gi-baking-worker=262144"
    "memorysetup-temp-allocator-size-gi-baking-worker=262144"
    "memorysetup-temp-allocator-size-gi-baking-worker=262144"
    "memorysetup-temp-allocator-size-gi-baking-worker=262144"
    "memorysetup-temp-allocator-size-gi-baking-worker=262144"
    "memorysetup-temp-allocator-size-gfx=262144"
Player connection [8309872832]  Target information:

Player connection [8309872832]  * "[IP] 192.168.1.79 [Port] 0 [Flags] 2 [Guid] 195701214 [EditorId] 195701214 [Version] 1048832 [Id] OSXEditor(0,MacBook-Pro-de-Catarina-5.local) [Debug] 1 [PackageName] OSXEditor [ProjectName] Editor" 

Player connection [8309872832] Host joined multi-casting on [225.0.0.222:54997]...
Player connection [8309872832] Host joined alternative multi-casting on [225.0.0.222:34997]...
JobSystem: Creating JobQueue using job-worker-count value 3
Input System module state changed to: Initialized.
[Physics::Module] Initialized fallback backend.
[Physics::Module] Id: 0xdecafbad
Library Redirect Path: Library/
[Physics::Module] Selected backend.
[Physics::Module] Name: PhysX
[Physics::Module] Id: 0xf2b8ea05
[Physics::Module] SDK Version: 4.1.2
[Physics::Module] Integration Version: 1.0.0
[Physics::Module] Threading Mode: Multi-Threaded
Refreshing native plugins compatible for Editor in 85.58 ms, found 10 plugins.
Preloading 0 native plugins for Editor in 0.00 ms.
Initialize engine version: 6000.3.10f1 (e35f0c77bd8e)
[Subsystems] Discovering subsystems at path /Applications/Unity/Hub/Editor/6000.3.10f1/Unity.app/Contents/Resources/UnitySubsystems
[Subsystems] Discovering subsystems at path /Users/catarinasousa/Projetos/PI/VR/Assets
GfxDevice: creating device client; kGfxThreadingModeNonThreaded
 preferred device: Apple M2 (high power)
Metal devices available: 1
0: Apple M2 (high power)
Using device Apple M2 (high power)
Initializing Metal device caps: Apple M2
Mac GPU Family: 2
Apple GPU Family: 8
MSL Version: 3.0
Has Float MSAA: 1
Has Float Filtering: 1
ReadWrite Texture Tier: 2
[Licensing::Client] Handshaking with LicensingClient:
  Version:                 1.17.4+4293ba1
  Session Id:              020587fd49a147bb85f62296a9a71848
  Correlation Id:          558cab5e020d1a0cb6819b378db7a7a2
  External correlation Id: 339131331092140861
  Machine Id:              jydJbijFCNYDUZAn/Y+gCTsP0+w=
[Licensing::Module] Successfully connected to LicensingClient on channel: "LicenseClient-catarinasousa" (connect: 0.00s, validation: 0.00s, handshake: 0.73s)
[Licensing::IpcConnector] Successfully connected to: "LicenseClient-catarinasousa-notifications" at "2026-05-14T20:05:16.248915Z"
[Licensing::Module] Licensing Background thread has ended after 0.73s
Initialize mono
Mono path[0] = '/Applications/Unity/Hub/Editor/6000.3.10f1/Unity.app/Contents/Resources/Scripting/Managed'
Mono path[1] = '/Applications/Unity/Hub/Editor/6000.3.10f1/Unity.app/Contents/Resources/Scripting/MonoBleedingEdge/lib/mono/unityjit-macos'
Mono config path = '/Applications/Unity/Hub/Editor/6000.3.10f1/Unity.app/Contents/Resources/Scripting/MonoBleedingEdge/etc'
Using monoOptions --debugger-agent=transport=dt_socket,embedding=1,server=y,suspend=n,address=127.0.0.1:56893
Begin MonoManager ReloadAssembly
Registering precompiled unity dll's ...
Register platform support module: /Applications/Unity/Hub/Editor/6000.3.10f1/PlaybackEngines/WebGLSupport/UnityEditor.WebGL.Extensions.dll
Register platform support module: /Applications/Unity/Hub/Editor/6000.3.10f1/Unity.app/Contents/PlaybackEngines/MacStandaloneSupport/UnityEditor.OSXStandalone.Extensions.dll
[Licensing::Client] Successfully resolved entitlement details
[Licensing::Module] License group:
  Id: 6872812109838-catarinasousa-UnityProStuXXXX
  Product: Unity Student
  Type: Assigned
  Expiration: 2027-03-03T17:32:29Z
Register platform support module: /Applications/Unity/Hub/Editor/6000.3.10f1/PlaybackEngines/AndroidPlayer/UnityEditor.Android.Extensions.dll
Registered in 0.008202 seconds.
- Loaded All Assemblies, in  0.408 seconds
Native extension for Android target not found
Unable to list connected devices. 
* daemon not running; starting now at tcp:5037
ADB server didn't ACK
Full server startup log: /var/folders/gr/7fc63k0s3_lgg5d5x_2_57gr0000gn/T//adb.501.log
Server had pid: 73897
--- adb starting (pid 73897) ---
05-14 21:05:17.128 73898 1309327 I adb     : main.cpp:66 Android Debug Bridge version 1.0.41
05-14 21:05:17.128 73898 1309327 I adb     : main.cpp:66 Version 36.0.0-13206524
05-14 21:05:17.128 73898 1309327 I adb     : main.cpp:66 Installed as /Applications/Unity/Hub/Editor/6000.3.10f1/PlaybackEngines/AndroidPlayer/SDK/platform-tools/adb
05-14 21:05:17.128 73898 1309327 I adb     : main.cpp:66 Running on Darwin 25.4.0 (arm64)
05-14 21:05:17.128 73898 1309327 I adb     : main.cpp:66 
05-14 21:05:17.128 73897 1309328 I adb     : main.cpp:66 Android Debug Bridge version 1.0.41
05-14 21:05:17.128 73897 1309328 I adb     : main.cpp:66 Version 36.0.0-13206524
05-14 21:05:17.128 73897 1309328 I adb     : main.cpp:66 Installed as /Applications/Unity/Hub/Editor/6000.3.10f1/PlaybackEngines/AndroidPlayer/SDK/platform-tools/adb
05-14 21:05:17.128 73897 1309328 I adb     : main.cpp:66 Running on Darwin 25.4.0 (arm64)
05-14 21:05:17.128 73897 1309328 I adb     : main.cpp:66 
05-14 21:05:17.134 73898 1309327 I adb     : udp_socket.cpp:170 AdbUdpSocket fd=9
05-14 21:05:17.134 73898 1309327 I adb     : udp_socket.cpp:170 AdbUdpSocket fd=10
05-14 21:05:17.134 73898 1309327 I adb     : udp_socket.cpp:274 SetMulticastOutboundInterface for index=11
05-14 21:05:17.134 73898 1309327 I adb     : udp_socket.cpp:533 bind endpoint=0.0.0.0:5353
05-14 21:05:17.134 73898 1309327 I adb     : udp_socket.cpp:274 SetMulticastOutboundInterface for index=11
05-14 21:05:17.134 73898 1309327 I adb     : udp_socket.cpp:558 bind endpoint=[0000:0000:0000:0000:0000:0000:0000:0000]:5353 scope_id=0
05-14 21:05:17.135 73898 1309327 I adb     : udp_socket.cpp:170 AdbUdpSocket fd=11
05-14 21:05:17.135 73898 1309327 I adb     : udp_socket.cpp:274 SetMulticastOutboundInterface for index=13
05-14 21:05:17.135 73898 1309327 I adb     : udp_socket.cpp:558 bind endpoint=[0000:0000:0000:0000:0000:0000:0000:0000]:5353 scope_id=0
05-14 21:05:17.645 73897 1309328 F adb     : main.cpp:167 could not install *smartsocket* listener: Address already in use

* failed to start daemon
adb: failed to check server version: cannot connect to daemon

UnityEditor.Android.CommandInvokationFailure: Unable to list connected devices. 
/Applications/Unity/Hub/Editor/6000.3.10f1/PlaybackEngines/AndroidPlayer/SDK/platform-tools/adb devices

Environment Variables:
XPC_SERVICE_NAME = application.com.unity3d.unityhub.137990696.137990702
XPC_FLAGS = 0x0
MallocNanoZone = 0
PATH = /usr/bin:/bin:/usr/sbin:/sbin
SHELL = /bin/zsh
SSH_AUTH_SOCK = /var/run/com.apple.launchd.t66v5wgAKF/Listeners
HOME = /Users/catarinasousa
TMPDIR = /var/folders/gr/7fc63k0s3_lgg5d5x_2_57gr0000gn/T/
__CFBundleIdentifier = com.unity3d.unityhub
USER = catarinasousa
__CF_USER_TEXT_ENCODING = 0x1F5:0:10
LOGNAME = catarinasousa
OSLogRateLimit = 64
COMMAND_MODE = unix2003


stderr[
* daemon not running; starting now at tcp:5037
ADB server didn't ACK
Full server startup log: /var/folders/gr/7fc63k0s3_lgg5d5x_2_57gr0000gn/T//adb.501.log
Server had pid: 73897
--- adb starting (pid 73897) ---
05-14 21:05:17.128 73898 1309327 I adb     : main.cpp:66 Android Debug Bridge version 1.0.41
05-14 21:05:17.128 73898 1309327 I adb     : main.cpp:66 Version 36.0.0-13206524
05-14 21:05:17.128 73898 1309327 I adb     : main.cpp:66 Installed as /Applications/Unity/Hub/Editor/6000.3.10f1/PlaybackEngines/AndroidPlayer/SDK/platform-tools/adb
05-14 21:05:17.128 73898 1309327 I adb     : main.cpp:66 Running on Darwin 25.4.0 (arm64)
05-14 21:05:17.128 73898 1309327 I adb     : main.cpp:66 
05-14 21:05:17.128 73897 1309328 I adb     : main.cpp:66 Android Debug Bridge version 1.0.41
05-14 21:05:17.128 73897 1309328 I adb     : main.cpp:66 Version 36.0.0-13206524
05-14 21:05:17.128 73897 1309328 I adb     : main.cpp:66 Installed as /Applications/Unity/Hub/Editor/6000.3.10f1/PlaybackEngines/AndroidPlayer/SDK/platform-tools/adb
05-14 21:05:17.128 73897 1309328 I adb     : main.cpp:66 Running on Darwin 25.4.0 (arm64)
05-14 21:05:17.128 73897 1309328 I adb     : main.cpp:66 
05-14 21:05:17.134 73898 1309327 I adb     : udp_socket.cpp:170 AdbUdpSocket fd=9
05-14 21:05:17.134 73898 1309327 I adb     : udp_socket.cpp:170 AdbUdpSocket fd=10
05-14 21:05:17.134 73898 1309327 I adb     : udp_socket.cpp:274 SetMulticastOutboundInterface for index=11
05-14 21:05:17.134 73898 1309327 I adb     : udp_socket.cpp:533 bind endpoint=0.0.0.0:5353
05-14 21:05:17.134 73898 1309327 I adb     : udp_socket.cpp:274 SetMulticastOutboundInterface for index=11
05-14 21:05:17.134 73898 1309327 I adb     : udp_socket.cpp:558 bind endpoint=[0000:0000:0000:0000:0000:0000:0000:0000]:5353 scope_id=0
05-14 21:05:17.135 73898 1309327 I adb     : udp_socket.cpp:170 AdbUdpSocket fd=11
05-14 21:05:17.135 73898 1309327 I adb     : udp_socket.cpp:274 SetMulticastOutboundInterface for index=13
05-14 21:05:17.135 73898 1309327 I adb     : udp_socket.cpp:558 bind endpoint=[0000:0000:0000:0000:0000:0000:0000:0000]:5353 scope_id=0
05-14 21:05:17.645 73897 1309328 F adb     : main.cpp:167 could not install *smartsocket* listener: Address already in use

* failed to start daemon
adb: failed to check server version: cannot connect to daemon
]
stdout[

]
exit code: 1
  at UnityEditor.Android.Command.WaitForProgramToRun (UnityEditor.Utils.Program p, UnityEditor.Android.Command+WaitingForProcessToExit waitingForProcessToExit, System.String errorMsg) [0x00099] in /home/bokken/build/output/unity/unity/PlatformDependent/AndroidPlayer/Editor/Managed/Android/Command.cs:221 
  at UnityEditor.Android.Command.Run (System.Diagnostics.ProcessStartInfo psi, UnityEditor.Android.Command+WaitingForProcessToExit waitingForProcessToExit, System.String errorMsg) [0x00017] in /home/bokken/build/output/unity/unity/PlatformDependent/AndroidPlayer/Editor/Managed/Android/Command.cs:159 
  at UnityEditor.Android.Command.Run (System.String command, System.String args, System.String workingdir, UnityEditor.Android.Command+WaitingForProcessToExit waitingForProcessToExit, System.String errorMsg, System.Text.Encoding inputEncoding) [0x0000c] in /home/bokken/build/output/unity/unity/PlatformDependent/AndroidPlayer/Editor/Managed/Android/Command.cs:117 
  at UnityEditor.Android.ADB.RunInternal (System.String[] command, UnityEditor.Android.Command+WaitingForProcessToExit waitingForProcessToExit, System.String errorMsg) [0x00008] in /home/bokken/build/output/unity/unity/PlatformDependent/AndroidPlayer/Editor/Managed/Android/ADB.cs:240 
  at UnityEditor.Android.ADB.Run (System.String[] command, UnityEditor.Android.Command+WaitingForProcessToExit waitingForProcessToExit, System.String errorMsg) [0x00013] in /home/bokken/build/output/unity/unity/PlatformDependent/AndroidPlayer/Editor/Managed/Android/ADB.cs:233 
  at UnityEditor.Android.AndroidDeploymentTargetsExtension.GetKnownTargets (UnityEditor.DeploymentTargets.IDeploymentTargetsMainThreadContext context, UnityEditor.ProgressHandler progressHandler) [0x0029d] in /home/bokken/build/output/unity/unity/PlatformDependent/AndroidPlayer/Editor/Managed/DeploymentTargets/AndroidDeploymentTargetsExtension.cs:393 
UnityEngine.Debug:ExtractStackTraceNoAlloc (byte*,int,string)
UnityEngine.StackTraceUtility:ExtractStackTrace () (at /Users/bokken/build/output/unity/unity/Runtime/Export/Scripting/StackTrace.cs:35)
UnityEngine.DebugLogHandler:Internal_Log (UnityEngine.LogType,UnityEngine.LogOption,string,UnityEngine.Object)
UnityEngine.DebugLogHandler:LogFormat (UnityEngine.LogType,UnityEngine.Object,string,object[])
UnityEngine.Logger:Log (UnityEngine.LogType,object)
UnityEngine.Debug:LogWarning (object)
UnityEditor.Android.AndroidDeploymentTargetsExtension:GetKnownTargets (UnityEditor.DeploymentTargets.IDeploymentTargetsMainThreadContext,UnityEditor.ProgressHandler) (at /home/bokken/build/output/unity/unity/PlatformDependent/AndroidPlayer/Editor/Managed/DeploymentTargets/AndroidDeploymentTargetsExtension.cs:456)
UnityEditor.Android.TargetScanWorker:ScanSync () (at /home/bokken/build/output/unity/unity/PlatformDependent/AndroidPlayer/Editor/Managed/TargetScanWorker.cs:164)
UnityEditor.Android.TargetExtension:OnUsbDevicesChanged (UnityEditor.Hardware.UsbDevice[]) (at /home/bokken/build/output/unity/unity/PlatformDependent/AndroidPlayer/Editor/Managed/ExtensionModule.cs:114)
UnityEditor.Android.TargetExtension:OnLoad () (at /home/bokken/build/output/unity/unity/PlatformDependent/AndroidPlayer/Editor/Managed/ExtensionModule.cs:75)
UnityEditor.Modules.ModuleManager:InitializePlatformSupportModules () (at /Users/bokken/build/output/unity/unity/Editor/Mono/Modules/ModuleManager.cs:144)

(Filename: /home/bokken/build/output/unity/unity/PlatformDependent/AndroidPlayer/Editor/Managed/DeploymentTargets/AndroidDeploymentTargetsExtension.cs Line: 456)

Android Extension - Scanning For ADB Devices 736 ms
Native extension for OSXStandalone target not found
Native extension for WebGL target not found
ScheduleIndexationOnStartup MainProcess:False IndexOnStartup:True
Mono: successfully reloaded assembly
- Finished resetting the current domain, in  1.059 seconds
Domain Reload Profiling: 1467ms
	BeginReloadAssembly (133ms)
		ExecutionOrderSort (0ms)
		DisableScriptedObjects (0ms)
		BackupInstance (0ms)
		ReleaseScriptingObjects (0ms)
		CreateAndSetChildDomain (1ms)
	RebuildCommonClasses (29ms)
	RebuildNativeTypeToScriptingClass (10ms)
	initialDomainReloadingComplete (50ms)
	LoadAllAssembliesAndSetupDomain (184ms)
		LoadAssemblies (136ms)
		RebuildTransferFunctionScriptingTraits (0ms)
		AnalyzeDomain (179ms)
			TypeCache.Refresh (177ms)
				TypeCache.ScanAssembly (130ms)
			BuildScriptInfoCaches (0ms)
			ResolveRequiredComponents (0ms)
	FinalizeReload (1060ms)
		ReleaseScriptCaches (0ms)
		RebuildScriptCaches (0ms)
		SetupLoadedEditorAssemblies (1022ms)
			LogAssemblyErrors (0ms)
			InitializePlatformSupportModulesInManaged (804ms)
			SetLoadedEditorAssemblies (3ms)
			BeforeProcessingInitializeOnLoad (64ms)
			ProcessInitializeOnLoadAttributes (98ms)
			ProcessInitializeOnLoadMethodAttributes (53ms)
			AfterProcessingInitializeOnLoad (0ms)
			EditorAssembliesLoaded (0ms)
		ExecutionOrderSort2 (0ms)
		AwakeInstancesAfterBackupRestoration (0ms)
[CoreBusinessMetrics] Unexpected thread when updating session info.
========================================================================
Worker process is ready to serve import requests
Import Worker Mode flag is 0x00
Begin MonoManager ReloadAssembly
[Licensing::Client] Successfully resolved entitlement details
- Loaded All Assemblies, in  0.635 seconds
Refreshing native plugins compatible for Editor in 5.24 ms, found 10 plugins.
Native extension for Android target not found
Native extension for OSXStandalone target not found
Native extension for WebGL target not found
Package Manager log level set to [2]
[Package Manager] Failed to launch server process. Reason: Unity was launched with the -noUpm command-line argument
[Package Manager] Unable to send message (not connected to server process).
[Package Manager] Cannot connect to Unity Package Manager local server
ScheduleIndexationOnStartup MainProcess:False IndexOnStartup:True
Mono: successfully reloaded assembly
[Package Manager] Failed to launch server process. Reason: Unity was launched with the -noUpm command-line argument
[Package Manager] Unable to send message (not connected to server process).
[Package Manager] Cannot connect to Unity Package Manager local server
[Package Manager] Failed to launch server process. Reason: Unity was launched with the -noUpm command-line argument
[Package Manager] Unable to send message (not connected to server process).
[Package Manager] Cannot connect to Unity Package Manager local server
- Finished resetting the current domain, in  0.888 seconds
Domain Reload Profiling: 1517ms
	BeginReloadAssembly (122ms)
		ExecutionOrderSort (0ms)
		DisableScriptedObjects (3ms)
		BackupInstance (0ms)
		ReleaseScriptingObjects (0ms)
		CreateAndSetChildDomain (20ms)
	RebuildCommonClasses (29ms)
	RebuildNativeTypeToScriptingClass (11ms)
	initialDomainReloadingComplete (24ms)
	LoadAllAssembliesAndSetupDomain (442ms)
		LoadAssemblies (323ms)
		RebuildTransferFunctionScriptingTraits (0ms)
		AnalyzeDomain (190ms)
			TypeCache.Refresh (137ms)
				TypeCache.ScanAssembly (121ms)
			BuildScriptInfoCaches (41ms)
			ResolveRequiredComponents (10ms)
	FinalizeReload (888ms)
		ReleaseScriptCaches (0ms)
		RebuildScriptCaches (0ms)
		SetupLoadedEditorAssemblies (756ms)
			LogAssemblyErrors (0ms)
			InitializePlatformSupportModulesInManaged (6ms)
			SetLoadedEditorAssemblies (3ms)
			BeforeProcessingInitializeOnLoad (103ms)
			ProcessInitializeOnLoadAttributes (484ms)
			ProcessInitializeOnLoadMethodAttributes (159ms)
			AfterProcessingInitializeOnLoad (1ms)
			EditorAssembliesLoaded (0ms)
		ExecutionOrderSort2 (0ms)
		AwakeInstancesAfterBackupRestoration (2ms)
WARNING: Shader Unsupported: 'Hidden/Simulation/URP/Synthetic' - All subshaders removed
WARNING: Shader Did you use #pragma only_renderers and omit this platform?
WARNING: Shader If subshaders removal was intentional, you may have forgotten turning Fallback off?
WARNING: Shader Unsupported: 'Hidden/Simulation/URP/Synthetic' - All subshaders removed
WARNING: Shader Did you use #pragma only_renderers and omit this platform?
WARNING: Shader If subshaders removal was intentional, you may have forgotten turning Fallback off?
WARNING: Shader Unsupported: 'Hidden/Simulation/Synthetic Lit' - All subshaders removed
WARNING: Shader Did you use #pragma only_renderers and omit this platform?
WARNING: Shader If subshaders removal was intentional, you may have forgotten turning Fallback off?
WARNING: Shader Unsupported: 'Hidden/Simulation/Synthetic Lit' - All subshaders removed
WARNING: Shader Did you use #pragma only_renderers and omit this platform?
WARNING: Shader If subshaders removal was intentional, you may have forgotten turning Fallback off?
WARNING: Shader Unsupported: 'Simulation/Standard Lit' - All subshaders removed
WARNING: Shader Did you use #pragma only_renderers and omit this platform?
WARNING: Shader If subshaders removal was intentional, you may have forgotten turning Fallback off?
WARNING: Shader Unsupported: 'Simulation/Standard Lit' - All subshaders removed
WARNING: Shader Did you use #pragma only_renderers and omit this platform?
WARNING: Shader If subshaders removal was intentional, you may have forgotten turning Fallback off?
WARNING: Shader Unsupported: 'Universal Render Pipeline/VR/SpatialMapping/Wireframe' - All subshaders removed
WARNING: Shader Did you use #pragma only_renderers and omit this platform?
WARNING: Shader If subshaders removal was intentional, you may have forgotten turning Fallback off?
WARNING: Shader Unsupported: 'Universal Render Pipeline/VR/SpatialMapping/Wireframe' - All subshaders removed
WARNING: Shader Did you use #pragma only_renderers and omit this platform?
WARNING: Shader If subshaders removal was intentional, you may have forgotten turning Fallback off?
WARNING: Shader Unsupported: 'Simulation/URP/Room X-Ray' - All subshaders removed
WARNING: Shader Did you use #pragma only_renderers and omit this platform?
WARNING: Shader If subshaders removal was intentional, you may have forgotten turning Fallback off?
WARNING: Shader Unsupported: 'Simulation/URP/Room X-Ray' - All subshaders removed
WARNING: Shader Did you use #pragma only_renderers and omit this platform?
WARNING: Shader If subshaders removal was intentional, you may have forgotten turning Fallback off?
WARNING: Shader Unsupported: 'Simulation/Room X-Ray' - All subshaders removed
WARNING: Shader Did you use #pragma only_renderers and omit this platform?
WARNING: Shader If subshaders removal was intentional, you may have forgotten turning Fallback off?
WARNING: Shader Unsupported: 'Simulation/Room X-Ray' - All subshaders removed
WARNING: Shader Did you use #pragma only_renderers and omit this platform?
WARNING: Shader If subshaders removal was intentional, you may have forgotten turning Fallback off?
WARNING: Shader Unsupported: 'Simulation/URP/Lit' - All subshaders removed
WARNING: Shader Did you use #pragma only_renderers and omit this platform?
WARNING: Shader If subshaders removal was intentional, you may have forgotten turning Fallback off?
WARNING: Shader Unsupported: 'Simulation/URP/Lit' - All subshaders removed
WARNING: Shader Did you use #pragma only_renderers and omit this platform?
WARNING: Shader If subshaders removal was intentional, you may have forgotten turning Fallback off?
Launching external process: /Applications/Unity/Hub/Editor/6000.3.10f1/Unity.app/Contents/Helpers/UnityShaderCompiler
Launched and connected shader compiler UnityShaderCompiler after 0.06 seconds
Refreshing native plugins compatible for Editor in 4.94 ms, found 10 plugins.
Preloading 0 native plugins for Editor in 0.00 ms.
Unloading 23 Unused Serialized files (Serialized files now loaded: 0)
Unloading 6488 unused Assets / (8.3 MB). Loaded Objects now: 7378.
Memory consumption went from 150.6 MB to 142.3 MB.
Total: 16.738625 ms (FindLiveObjects: 1.134167 ms CreateObjectMapping: 0.286250 ms MarkObjects: 12.161792 ms  DeleteObjects: 3.156166 ms)

========================================================================
Received Import Request.
  Time since last request: 71863.208400 seconds.
  path: Assets/Textures/Peças/05 - Pequena Paixão de Cristo - Lava-pés.png
  artifactKey: Guid(d8ea6b06bb13c4512946979f945c9e2a) Importer(2089858483,b0f066a214c2f5e87bad3c948f4d605d)
Start importing Assets/Textures/Peças/05 - Pequena Paixão de Cristo - Lava-pés.png using Guid(d8ea6b06bb13c4512946979f945c9e2a) Importer(2089858483,b0f066a214c2f5e87bad3c948f4d605d) (ScriptedImporter) -> (artifact id: 'fce1f39f128bfef8ab5b75c163de6c0d') in 0.075647625 seconds
Number of updated asset objects reloaded before import = 0Number of asset objects unloaded after import = 1

========================================================================
Received Import Request.
  Time since last request: 0.000037 seconds.
  path: Assets/Materials/Estatuas/Camões.mp3
  artifactKey: Guid(c51563971498746e0a479385ae6a3a2a) Importer(2089858483,b0f066a214c2f5e87bad3c948f4d605d)
Start importing Assets/Materials/Estatuas/Camões.mp3 using Guid(c51563971498746e0a479385ae6a3a2a) Importer(2089858483,b0f066a214c2f5e87bad3c948f4d605d) (ScriptedImporter) -> (artifact id: '8761e013eb55f4fcdf806cfd916c208c') in 0.038926917 seconds
Number of updated asset objects reloaded before import = 0Number of asset objects unloaded after import = 1

========================================================================
Received Import Request.
  Time since last request: 0.000044 seconds.
  path: Assets/Textures/Peças/07 - Pequena Paixão de Cristo - Traição de Cristo.png
  artifactKey: Guid(7cfe3017da3994a7eb834ee0eb209d6f) Importer(2089858483,b0f066a214c2f5e87bad3c948f4d605d)
Start importing Assets/Textures/Peças/07 - Pequena Paixão de Cristo - Traição de Cristo.png using Guid(7cfe3017da3994a7eb834ee0eb209d6f) Importer(2089858483,b0f066a214c2f5e87bad3c948f4d605d) (ScriptedImporter) -> (artifact id: 'ca001786d7db69bbec45c10f2c1739d1') in 0.029399292 seconds
Number of updated asset objects reloaded before import = 0Number of asset objects unloaded after import = 1

========================================================================
Received Import Request.
  Time since last request: 0.000039 seconds.
  path: Assets/Materials/Estatuas/Gesso.mat
  artifactKey: Guid(699f4e91b16e746fdafc820e3a50c1c3) Importer(2089858483,b0f066a214c2f5e87bad3c948f4d605d)
Start importing Assets/Materials/Estatuas/Gesso.mat using Guid(699f4e91b16e746fdafc820e3a50c1c3) Importer(2089858483,b0f066a214c2f5e87bad3c948f4d605d) (ScriptedImporter) -> (artifact id: '9e70ec643c893c3fb672f462851f4512') in 0.014670125 seconds
Number of updated asset objects reloaded before import = 0Number of asset objects unloaded after import = 2

========================================================================
Received Import Request.
  Time since last request: 0.000041 seconds.
  path: Assets/Textures/Construção/FundoParede.png
  artifactKey: Guid(57079b030f2284df8a97c90dc4aebc65) Importer(2089858483,b0f066a214c2f5e87bad3c948f4d605d)
Start importing Assets/Textures/Construção/FundoParede.png using Guid(57079b030f2284df8a97c90dc4aebc65) Importer(2089858483,b0f066a214c2f5e87bad3c948f4d605d) (ScriptedImporter) -> (artifact id: '9b835318bf927404a7ed09632bbbe652') in 0.005097292 seconds
Number of updated asset objects reloaded before import = 0Number of asset objects unloaded after import = 1

========================================================================
Received Import Request.
  Time since last request: 0.000044 seconds.
  path: Assets/Textures/Peças/12 - Pequena Paixão de Cristo - _Ecce Homo_.png
  artifactKey: Guid(3855b31b6a43349acb765eab68abfc1e) Importer(2089858483,b0f066a214c2f5e87bad3c948f4d605d)
Start importing Assets/Textures/Peças/12 - Pequena Paixão de Cristo - _Ecce Homo_.png using Guid(3855b31b6a43349acb765eab68abfc1e) Importer(2089858483,b0f066a214c2f5e87bad3c948f4d605d) (ScriptedImporter) -> (artifact id: '18dbe62a14d0af08f9a002bd5114948a') in 0.008403541 seconds
Number of updated asset objects reloaded before import = 0Number of asset objects unloaded after import = 1

========================================================================
Received Import Request.
  Time since last request: 0.000050 seconds.
  path: Assets/Textures/Peças/15 - Pequena Paixão de Cristo - Santa Verónica com São Pedro e São Paulo.png
  artifactKey: Guid(ad5577b5266cb4b27ad2dcee00d96aff) Importer(2089858483,b0f066a214c2f5e87bad3c948f4d605d)
Start importing Assets/Textures/Peças/15 - Pequena Paixão de Cristo - Santa Verónica com São Pedro e São Paulo.png using Guid(ad5577b5266cb4b27ad2dcee00d96aff) Importer(2089858483,b0f066a214c2f5e87bad3c948f4d605d) (ScriptedImporter) -> (artifact id: '8b210a88c0b2442c2098cb9c25b06b41') in 0.011762166 seconds
Number of updated asset objects reloaded before import = 0Number of asset objects unloaded after import = 1

========================================================================
Received Import Request.
  Time since last request: 0.000050 seconds.
  path: Assets/Materials/Pinturas/Sala3
  artifactKey: Guid(4689fde9712aff3f399edf914612553a) Importer(2089858483,b0f066a214c2f5e87bad3c948f4d605d)
Start importing Assets/Materials/Pinturas/Sala3 using Guid(4689fde9712aff3f399edf914612553a) Importer(2089858483,b0f066a214c2f5e87bad3c948f4d605d) (ScriptedImporter) -> (artifact id: 'a9c1d248b9c3598353337a0673043d30') in 0.002388125 seconds
Number of updated asset objects reloaded before import = 0Number of asset objects unloaded after import = 1

========================================================================
Received Import Request.
  Time since last request: 0.000037 seconds.
  path: Assets/Textures/Pinturas/Sala3/Screenshot From 2026-05-12 17-20-03.png
  artifactKey: Guid(6e4ba9998e8f643ddba41bb5c1515535) Importer(2089858483,b0f066a214c2f5e87bad3c948f4d605d)
Start importing Assets/Textures/Pinturas/Sala3/Screenshot From 2026-05-12 17-20-03.png using Guid(6e4ba9998e8f643ddba41bb5c1515535) Importer(2089858483,b0f066a214c2f5e87bad3c948f4d605d) (ScriptedImporter) -> (artifact id: 'fdeebe7cd94640649bf82fcfc4e24452') in 0.010403667 seconds
Number of updated asset objects reloaded before import = 0Number of asset objects unloaded after import = 1

========================================================================
Received Import Request.
  Time since last request: 0.000030 seconds.
  path: Assets/Textures/Pinturas/Sala2/descida-da-cruz-1827-domingos-sequeira.jpg
  artifactKey: Guid(2cdb1bb6a514b6387bbd41d7fd18f2fc) Importer(2089858483,b0f066a214c2f5e87bad3c948f4d605d)
Start importing Assets/Textures/Pinturas/Sala2/descida-da-cruz-1827-domingos-sequeira.jpg using Guid(2cdb1bb6a514b6387bbd41d7fd18f2fc) Importer(2089858483,b0f066a214c2f5e87bad3c948f4d605d) (ScriptedImporter) -> (artifact id: 'ec3fb90d75427748672aa3d1eae80867') in 0.012394167 seconds
Number of updated asset objects reloaded before import = 0Number of asset objects unloaded after import = 1

========================================================================
Received Import Request.
  Time since last request: 0.000039 seconds.
  path: Assets/Textures/Molduras/molduraDPedro.png
  artifactKey: Guid(0eae2f9b1dd5bcfb197a4bd5b8a531b9) Importer(2089858483,b0f066a214c2f5e87bad3c948f4d605d)
Start importing Assets/Textures/Molduras/molduraDPedro.png using Guid(0eae2f9b1dd5bcfb197a4bd5b8a531b9) Importer(2089858483,b0f066a214c2f5e87bad3c948f4d605d) (ScriptedImporter) -> (artifact id: 'e0e1ceb58e98459ef53896451572493e') in 0.009157125 seconds
Number of updated asset objects reloaded before import = 0Number of asset objects unloaded after import = 1

========================================================================
Received Import Request.
  Time since last request: 0.000029 seconds.
  path: Assets/Settings/Project Configuration/BasicScene.scenetemplate
  artifactKey: Guid(ca6cdc11bc902ba4c85c423630187a9b) Importer(2089858483,b0f066a214c2f5e87bad3c948f4d605d)
Start importing Assets/Settings/Project Configuration/BasicScene.scenetemplate using Guid(ca6cdc11bc902ba4c85c423630187a9b) Importer(2089858483,b0f066a214c2f5e87bad3c948f4d605d) (ScriptedImporter) -> (artifact id: '30c93a391af5c5d1ee47d40ce49908c2') in 0.16870625 seconds
Number of updated asset objects reloaded before import = 0Number of asset objects unloaded after import = 2086

========================================================================
Received Import Request.
  Time since last request: 0.000036 seconds.
  path: Assets/Materials/Peças/Peça_18.mat
  artifactKey: Guid(384820e1659cb44d58af94848b2b93e2) Importer(2089858483,b0f066a214c2f5e87bad3c948f4d605d)
Start importing Assets/Materials/Peças/Peça_18.mat using Guid(384820e1659cb44d58af94848b2b93e2) Importer(2089858483,b0f066a214c2f5e87bad3c948f4d605d) (ScriptedImporter) -> (artifact id: '7b8eddd95341cf2dd195f40d1ce5ce4b') in 0.04686575 seconds
Number of updated asset objects reloaded before import = 0Number of asset objects unloaded after import = 2

========================================================================
Received Import Request.
  Time since last request: 0.000068 seconds.
  path: Assets/Materials/Peças/Peça_08.mat
  artifactKey: Guid(fd7d792a20e654ee8bf3dc4e323e0859) Importer(2089858483,b0f066a214c2f5e87bad3c948f4d605d)
Start importing Assets/Materials/Peças/Peça_08.mat using Guid(fd7d792a20e654ee8bf3dc4e323e0859) Importer(2089858483,b0f066a214c2f5e87bad3c948f4d605d) (ScriptedImporter) -> (artifact id: '995954909f4459c6cd5503c94c7927d0') in 0.007263125 seconds
Number of updated asset objects reloaded before import = 0Number of asset objects unloaded after import = 2

========================================================================
Received Import Request.
  Time since last request: 0.000034 seconds.
  path: Assets/Materials/Peças/Peça_03.mat
  artifactKey: Guid(f62c4973e0d6f494ea3b0175bb3cd2dc) Importer(2089858483,b0f066a214c2f5e87bad3c948f4d605d)
Start importing Assets/Materials/Peças/Peça_03.mat using Guid(f62c4973e0d6f494ea3b0175bb3cd2dc) Importer(2089858483,b0f066a214c2f5e87bad3c948f4d605d) (ScriptedImporter) -> (artifact id: 'f2e82c1d061dcf907c626afb5cbc0560') in 0.005382916 seconds
Number of updated asset objects reloaded before import = 0Number of asset objects unloaded after import = 2

========================================================================
Received Import Request.
  Time since last request: 0.000043 seconds.
  path: Assets/Textures/Construção
  artifactKey: Guid(535665662db72df4080686f27ab2510c) Importer(2089858483,b0f066a214c2f5e87bad3c948f4d605d)
Start importing Assets/Textures/Construção using Guid(535665662db72df4080686f27ab2510c) Importer(2089858483,b0f066a214c2f5e87bad3c948f4d605d) (ScriptedImporter) -> (artifact id: '750bc2d8f853042ff3154b762eb1f6bf') in 0.00183875 seconds
Number of updated asset objects reloaded before import = 0Number of asset objects unloaded after import = 1

========================================================================
Received Import Request.
  Time since last request: 0.000033 seconds.
  path: Assets/Materials/Peças/Peça_01.mat
  artifactKey: Guid(8044ef61046744cffac6c99be04373ae) Importer(2089858483,b0f066a214c2f5e87bad3c948f4d605d)
Start importing Assets/Materials/Peças/Peça_01.mat using Guid(8044ef61046744cffac6c99be04373ae) Importer(2089858483,b0f066a214c2f5e87bad3c948f4d605d) (ScriptedImporter) -> (artifact id: '049ad1cebe2d963a851c53f10f80c266') in 0.035752375 seconds
Number of updated asset objects reloaded before import = 0Number of asset objects unloaded after import = 2

========================================================================
Received Import Request.
  Time since last request: 0.000028 seconds.
  path: Assets/Materials/Peças/Peça_23.mat
  artifactKey: Guid(462309299a4794f07a569660e0a17804) Importer(2089858483,b0f066a214c2f5e87bad3c948f4d605d)
Start importing Assets/Materials/Peças/Peça_23.mat using Guid(462309299a4794f07a569660e0a17804) Importer(2089858483,b0f066a214c2f5e87bad3c948f4d605d) (ScriptedImporter) -> (artifact id: 'c6e294169186cc1c665deabf22fbcdeb') in 0.051502291 seconds
Number of updated asset objects reloaded before import = 0Number of asset objects unloaded after import = 2

========================================================================
Received Import Request.
  Time since last request: 0.000031 seconds.
  path: Assets/Materials/Peças/Peça_26.mat
  artifactKey: Guid(4e38c8faa74074f3fac7b7953b4e6943) Importer(2089858483,b0f066a214c2f5e87bad3c948f4d605d)
Start importing Assets/Materials/Peças/Peça_26.mat using Guid(4e38c8faa74074f3fac7b7953b4e6943) Importer(2089858483,b0f066a214c2f5e87bad3c948f4d605d) (ScriptedImporter) -> (artifact id: '541c1ffaf8c06101ef44be17739fc4ca') in 0.053140208 seconds
Number of updated asset objects reloaded before import = 0Number of asset objects unloaded after import = 2

========================================================================
Received Import Request.
  Time since last request: 0.000033 seconds.
  path: Assets/Materials/Pinturas/Sala3/Amai-vos.mat
  artifactKey: Guid(185e56c23f115a9d39555e3908a7fd0e) Importer(2089858483,b0f066a214c2f5e87bad3c948f4d605d)
Start importing Assets/Materials/Pinturas/Sala3/Amai-vos.mat using Guid(185e56c23f115a9d39555e3908a7fd0e) Importer(2089858483,b0f066a214c2f5e87bad3c948f4d605d) (ScriptedImporter) -> (artifact id: '695f71ae60666a18b1d561cd42e52c10') in 0.019424917 seconds
Number of updated asset objects reloaded before import = 0Number of asset objects unloaded after import = 2

========================================================================
Received Import Request.
  Time since last request: 0.000032 seconds.
  path: Assets/Materials/DoubleSideUnlit.shader
  artifactKey: Guid(5bd5f56a0328f97fcae6ef9e3edb8bab) Importer(2089858483,b0f066a214c2f5e87bad3c948f4d605d)
Start importing Assets/Materials/DoubleSideUnlit.shader using Guid(5bd5f56a0328f97fcae6ef9e3edb8bab) Importer(2089858483,b0f066a214c2f5e87bad3c948f4d605d) (ScriptedImporter) -> (artifact id: '19634c1651b6c4a22b370475591a08bb') in 0.00545375 seconds
Number of updated asset objects reloaded before import = 0Number of asset objects unloaded after import = 1

========================================================================
Received Import Request.
  Time since last request: 0.000031 seconds.
  path: Assets/Textures/Pinturas/Sala4?
  artifactKey: Guid(c2d3cb76b123e4bbc91322b1e07509dc) Importer(2089858483,b0f066a214c2f5e87bad3c948f4d605d)
Start importing Assets/Textures/Pinturas/Sala4? using Guid(c2d3cb76b123e4bbc91322b1e07509dc) Importer(2089858483,b0f066a214c2f5e87bad3c948f4d605d) (ScriptedImporter) -> (artifact id: '9be3793e9d5d154623026abbc026b229') in 0.00197725 seconds
Number of updated asset objects reloaded before import = 0Number of asset objects unloaded after import = 1

========================================================================
Received Import Request.
  Time since last request: 0.000026 seconds.
  path: Assets/Materials/Estatuas
  artifactKey: Guid(4fd5e78919eca4284ab2e33fc6572a20) Importer(2089858483,b0f066a214c2f5e87bad3c948f4d605d)
Start importing Assets/Materials/Estatuas using Guid(4fd5e78919eca4284ab2e33fc6572a20) Importer(2089858483,b0f066a214c2f5e87bad3c948f4d605d) (ScriptedImporter) -> (artifact id: 'ada636079d898948c5711669235657be') in 0.001938667 seconds
Number of updated asset objects reloaded before import = 0Number of asset objects unloaded after import = 1

========================================================================
Received Import Request.
  Time since last request: 0.000040 seconds.
  path: Assets/Textures
  artifactKey: Guid(46c677085b8d84e4291b31f9ae7154bc) Importer(2089858483,b0f066a214c2f5e87bad3c948f4d605d)
Start importing Assets/Textures using Guid(46c677085b8d84e4291b31f9ae7154bc) Importer(2089858483,b0f066a214c2f5e87bad3c948f4d605d) (ScriptedImporter) -> (artifact id: '84258b4be14de133916ee4ba6cb40fd0') in 0.001860167 seconds
Number of updated asset objects reloaded before import = 0Number of asset objects unloaded after import = 1

========================================================================
Received Import Request.
  Time since last request: 0.000041 seconds.
  path: Assets/Textures/Peças
  artifactKey: Guid(23186dec7c88c4c7b821ca76a9b0db42) Importer(2089858483,b0f066a214c2f5e87bad3c948f4d605d)
Start importing Assets/Textures/Peças using Guid(23186dec7c88c4c7b821ca76a9b0db42) Importer(2089858483,b0f066a214c2f5e87bad3c948f4d605d) (ScriptedImporter) -> (artifact id: '0ba9961064da2257ff47bc2b5b964113') in 0.002687167 seconds
Number of updated asset objects reloaded before import = 0Number of asset objects unloaded after import = 1

========================================================================
Received Import Request.
  Time since last request: 0.000029 seconds.
  path: Assets/Textures/Estatuas/Base.mat
  artifactKey: Guid(f727edaaecded48599a8029c816cde61) Importer(2089858483,b0f066a214c2f5e87bad3c948f4d605d)
Start importing Assets/Textures/Estatuas/Base.mat using Guid(f727edaaecded48599a8029c816cde61) Importer(2089858483,b0f066a214c2f5e87bad3c948f4d605d) (ScriptedImporter) -> (artifact id: '22a1bd8f0b832ae1a6b7f058f8386fa2') in 0.002805959 seconds
Number of updated asset objects reloaded before import = 0Number of asset objects unloaded after import = 1

========================================================================
Received Import Request.
  Time since last request: 0.000037 seconds.
  path: Assets/Materials/Peças/Peça_21.mat
  artifactKey: Guid(80ef94fd718524ba4bc37bdb3700472d) Importer(2089858483,b0f066a214c2f5e87bad3c948f4d605d)
Start importing Assets/Materials/Peças/Peça_21.mat using Guid(80ef94fd718524ba4bc37bdb3700472d) Importer(2089858483,b0f066a214c2f5e87bad3c948f4d605d) (ScriptedImporter) -> (artifact id: '61bc0d715d0566f111c985a3adbc8849') in 0.014364166 seconds
Number of updated asset objects reloaded before import = 0Number of asset objects unloaded after import = 2

========================================================================
Received Import Request.
  Time since last request: 0.000034 seconds.
  path: Assets/Materials/Peças/Peça_02.mat
  artifactKey: Guid(becc981252d4d4a39b77ea48cdc17549) Importer(2089858483,b0f066a214c2f5e87bad3c948f4d605d)
Start importing Assets/Materials/Peças/Peça_02.mat using Guid(becc981252d4d4a39b77ea48cdc17549) Importer(2089858483,b0f066a214c2f5e87bad3c948f4d605d) (ScriptedImporter) -> (artifact id: '663c164b0c996b44b7fc49c24ebaaa64') in 0.006754333 seconds
Number of updated asset objects reloaded before import = 0Number of asset objects unloaded after import = 2

========================================================================
Received Import Request.
  Time since last request: 0.000040 seconds.
  path: Assets/Models/a913c07ee7470617bd8ca236dfefa549.fbx
  artifactKey: Guid(3b9e09af005cb761997f3bdc50f9e027) Importer(2089858483,b0f066a214c2f5e87bad3c948f4d605d)
Start importing Assets/Models/a913c07ee7470617bd8ca236dfefa549.fbx using Guid(3b9e09af005cb761997f3bdc50f9e027) Importer(2089858483,b0f066a214c2f5e87bad3c948f4d605d) (ScriptedImporter) -> (artifact id: 'e354dc9535dc477a82921646c90a9df6') in 0.160605209 seconds
Number of updated asset objects reloaded before import = 0Number of asset objects unloaded after import = 9

========================================================================
Received Import Request.
  Time since last request: 0.000037 seconds.
  path: Assets/Materials/Peças/Peça_12.mat
  artifactKey: Guid(1c5195c0072d64b77ae7172789155313) Importer(2089858483,b0f066a214c2f5e87bad3c948f4d605d)
Start importing Assets/Materials/Peças/Peça_12.mat using Guid(1c5195c0072d64b77ae7172789155313) Importer(2089858483,b0f066a214c2f5e87bad3c948f4d605d) (ScriptedImporter) -> (artifact id: '28b71bcec900b2bb15d3cf83589d19e4') in 0.005132667 seconds
Number of updated asset objects reloaded before import = 0Number of asset objects unloaded after import = 2

========================================================================
Received Import Request.
  Time since last request: 0.000031 seconds.
  path: Assets/Materials/Molduras/test.mat
  artifactKey: Guid(9e7ad7ad049f888e0b6201bcf255da6a) Importer(2089858483,b0f066a214c2f5e87bad3c948f4d605d)
Start importing Assets/Materials/Molduras/test.mat using Guid(9e7ad7ad049f888e0b6201bcf255da6a) Importer(2089858483,b0f066a214c2f5e87bad3c948f4d605d) (ScriptedImporter) -> (artifact id: '5255640c75fa33faa8b16a591762bf83') in 0.012673334 seconds
Number of updated asset objects reloaded before import = 0Number of asset objects unloaded after import = 1

========================================================================
Received Import Request.
  Time since last request: 0.000038 seconds.
  path: Assets/Textures/Estatuas
  artifactKey: Guid(be02c76dc45fb46debfd6bdba9296c12) Importer(2089858483,b0f066a214c2f5e87bad3c948f4d605d)
Start importing Assets/Textures/Estatuas using Guid(be02c76dc45fb46debfd6bdba9296c12) Importer(2089858483,b0f066a214c2f5e87bad3c948f4d605d) (ScriptedImporter) -> (artifact id: '9b630e60a691d080b578adca03658b7c') in 0.001998541 seconds
Number of updated asset objects reloaded before import = 0Number of asset objects unloaded after import = 1

========================================================================
Received Import Request.
  Time since last request: 0.000039 seconds.
  path: Assets/Textures/Construção/ChatGPT Image May 12, 2026, 11_44_37 AM.png
  artifactKey: Guid(319526cabbdde105bba4d50a3250310d) Importer(2089858483,b0f066a214c2f5e87bad3c948f4d605d)
Start importing Assets/Textures/Construção/ChatGPT Image May 12, 2026, 11_44_37 AM.png using Guid(319526cabbdde105bba4d50a3250310d) Importer(2089858483,b0f066a214c2f5e87bad3c948f4d605d) (ScriptedImporter) -> (artifact id: 'cb7397066d510793919174256fcab04a') in 0.011266167 seconds
Number of updated asset objects reloaded before import = 0Number of asset objects unloaded after import = 1

========================================================================
Received Import Request.
  Time since last request: 0.000070 seconds.
  path: Assets/Textures/Construção/Materials/FundoParede.mat
  artifactKey: Guid(eb693c79cbbd441f3a89eff28ff7bef8) Importer(2089858483,b0f066a214c2f5e87bad3c948f4d605d)
Start importing Assets/Textures/Construção/Materials/FundoParede.mat using Guid(eb693c79cbbd441f3a89eff28ff7bef8) Importer(2089858483,b0f066a214c2f5e87bad3c948f4d605d) (ScriptedImporter) -> (artifact id: '27b7e687732bb93f0fc065bbf876332f') in 0.003514833 seconds
Number of updated asset objects reloaded before import = 0Number of asset objects unloaded after import = 2

========================================================================
Received Import Request.
  Time since last request: 0.000045 seconds.
  path: Assets/Materials/Construção/Glass.mat
  artifactKey: Guid(59b4c3257b30e0796850e997b758aa86) Importer(2089858483,b0f066a214c2f5e87bad3c948f4d605d)
Start importing Assets/Materials/Construção/Glass.mat using Guid(59b4c3257b30e0796850e997b758aa86) Importer(2089858483,b0f066a214c2f5e87bad3c948f4d605d) (ScriptedImporter) -> (artifact id: '8647f7f73422722bd47e6029c844ee4a') in 0.026772333 seconds
Number of updated asset objects reloaded before import = 0Number of asset objects unloaded after import = 1

========================================================================
Received Import Request.
  Time since last request: 0.000040 seconds.
  path: Assets/Textures/Peças/02 - Pequena Paixão de Cristo - Entrada de Cristo em Jerusalém.png
  artifactKey: Guid(c8a6a80c6aeed4432af44c8c515c405a) Importer(2089858483,b0f066a214c2f5e87bad3c948f4d605d)
Start importing Assets/Textures/Peças/02 - Pequena Paixão de Cristo - Entrada de Cristo em Jerusalém.png using Guid(c8a6a80c6aeed4432af44c8c515c405a) Importer(2089858483,b0f066a214c2f5e87bad3c948f4d605d) (ScriptedImporter) -> (artifact id: '0b49d4b0153b9ab236227e2b785ddf87') in 0.005384208 seconds
Number of updated asset objects reloaded before import = 0Number of asset objects unloaded after import = 1

========================================================================
Received Import Request.
  Time since last request: 0.000041 seconds.
  path: Assets/Materials/Pinturas/Painting.mat
  artifactKey: Guid(cf5e53558d82151778639ab87fc96e0e) Importer(2089858483,b0f066a214c2f5e87bad3c948f4d605d)
Start importing Assets/Materials/Pinturas/Painting.mat using Guid(cf5e53558d82151778639ab87fc96e0e) Importer(2089858483,b0f066a214c2f5e87bad3c948f4d605d) (ScriptedImporter) -> (artifact id: '65ca743077d8bf9d22f033b541e6923d') in 0.004394791 seconds
Number of updated asset objects reloaded before import = 0Number of asset objects unloaded after import = 3

========================================================================
Received Import Request.
  Time since last request: 0.000033 seconds.
  path: Assets/Textures/Peças/16 - Pequena Paixão de Cristo - Cristo é Pregado na Cruz.png
  artifactKey: Guid(08c63cd0611f8432d97b37c64c8cc7ba) Importer(2089858483,b0f066a214c2f5e87bad3c948f4d605d)
Start importing Assets/Textures/Peças/16 - Pequena Paixão de Cristo - Cristo é Pregado na Cruz.png using Guid(08c63cd0611f8432d97b37c64c8cc7ba) Importer(2089858483,b0f066a214c2f5e87bad3c948f4d605d) (ScriptedImporter) -> (artifact id: 'be709df2997115678e3428d6fea54366') in 0.030526625 seconds
Number of updated asset objects reloaded before import = 0Number of asset objects unloaded after import = 1

========================================================================
Received Import Request.
  Time since last request: 0.000034 seconds.
  path: Assets/Museu/GeneratedBlockout.prefab
  artifactKey: Guid(0e6f70b05c6384a048df644a2274d803) Importer(815301076,1909f56bfc062723c751e8b465ee728b)
Start importing Assets/Museu/GeneratedBlockout.prefab using Guid(0e6f70b05c6384a048df644a2274d803) Importer(815301076,1909f56bfc062723c751e8b465ee728b) (PreviewImporter) -> (artifact id: 'dfc39e9b011ee71332fd13b72868ab5b') in 1.273645292 seconds
Number of updated asset objects reloaded before import = 0Number of asset objects unloaded after import = 688

========================================================================
Received Import Request.
  Time since last request: 0.000114 seconds.
  path: Assets/Materials/Pinturas/Sala2
  artifactKey: Guid(d79d2cd30a9f747309521a82c7677e48) Importer(2089858483,b0f066a214c2f5e87bad3c948f4d605d)
Start importing Assets/Materials/Pinturas/Sala2 using Guid(d79d2cd30a9f747309521a82c7677e48) Importer(2089858483,b0f066a214c2f5e87bad3c948f4d605d) (ScriptedImporter) -> (artifact id: 'bdc369d2e1dcc5bde738b8b1e388ffa5') in 0.002701708 seconds
Number of updated asset objects reloaded before import = 0Number of asset objects unloaded after import = 1

========================================================================
Received Import Request.
  Time since last request: 0.000039 seconds.
  path: Assets/Materials/Pinturas/Sala3/Portrait.mat
  artifactKey: Guid(d47e6704b4d8aaac7a33e4e0054aba54) Importer(2089858483,b0f066a214c2f5e87bad3c948f4d605d)
Start importing Assets/Materials/Pinturas/Sala3/Portrait.mat using Guid(d47e6704b4d8aaac7a33e4e0054aba54) Importer(2089858483,b0f066a214c2f5e87bad3c948f4d605d) (ScriptedImporter) -> (artifact id: '649f22c5d3e614a17fc410469b48874d') in 0.007814166 seconds
Number of updated asset objects reloaded before import = 0Number of asset objects unloaded after import = 2

========================================================================
Received Import Request.
  Time since last request: 0.000101 seconds.
  path: Assets/Materials/Peças/Peça_06.mat
  artifactKey: Guid(8d738f4243f864845bd58e4fee0bd28f) Importer(2089858483,b0f066a214c2f5e87bad3c948f4d605d)
Start importing Assets/Materials/Peças/Peça_06.mat using Guid(8d738f4243f864845bd58e4fee0bd28f) Importer(2089858483,b0f066a214c2f5e87bad3c948f4d605d) (ScriptedImporter) -> (artifact id: 'dea470419628e8ee012ac2bf5edb3c61') in 0.009350916 seconds
Number of updated asset objects reloaded before import = 0Number of asset objects unloaded after import = 2

========================================================================
Received Import Request.
  Time since last request: 0.000032 seconds.
  path: Assets/Materials/Peças/Peça_16.mat
  artifactKey: Guid(c91fa125b4bcf40a38fd36f64802c268) Importer(2089858483,b0f066a214c2f5e87bad3c948f4d605d)
Start importing Assets/Materials/Peças/Peça_16.mat using Guid(c91fa125b4bcf40a38fd36f64802c268) Importer(2089858483,b0f066a214c2f5e87bad3c948f4d605d) (ScriptedImporter) -> (artifact id: 'cbee7b4208bf398f88043ab0636207df') in 0.008748042 seconds
Number of updated asset objects reloaded before import = 0Number of asset objects unloaded after import = 2

========================================================================
Received Import Request.
  Time since last request: 0.000034 seconds.
  path: Assets/Materials/Pinturas
  artifactKey: Guid(698166e1ca11e7b63985924eb1047c02) Importer(2089858483,b0f066a214c2f5e87bad3c948f4d605d)
Start importing Assets/Materials/Pinturas using Guid(698166e1ca11e7b63985924eb1047c02) Importer(2089858483,b0f066a214c2f5e87bad3c948f4d605d) (ScriptedImporter) -> (artifact id: '4dec8e901f7c5a029eb8c49aff4dac44') in 0.002191167 seconds
Number of updated asset objects reloaded before import = 0Number of asset objects unloaded after import = 1

========================================================================
Received Import Request.
  Time since last request: 0.000058 seconds.
  path: Assets/Materials/Construção/BlackPlastic.mat
  artifactKey: Guid(e2afefc18527b26b5bb96802189f8927) Importer(2089858483,b0f066a214c2f5e87bad3c948f4d605d)
Start importing Assets/Materials/Construção/BlackPlastic.mat using Guid(e2afefc18527b26b5bb96802189f8927) Importer(2089858483,b0f066a214c2f5e87bad3c948f4d605d) (ScriptedImporter) -> (artifact id: '458027818465924183956f1c1851d9ca') in 0.002410416 seconds
Number of updated asset objects reloaded before import = 0Number of asset objects unloaded after import = 1

========================================================================
Received Import Request.
  Time since last request: 0.000039 seconds.
  path: Assets/Textures/Pinturas/Sala3
  artifactKey: Guid(6dded40ac4d84024fb60bd6e93994563) Importer(2089858483,b0f066a214c2f5e87bad3c948f4d605d)
Start importing Assets/Textures/Pinturas/Sala3 using Guid(6dded40ac4d84024fb60bd6e93994563) Importer(2089858483,b0f066a214c2f5e87bad3c948f4d605d) (ScriptedImporter) -> (artifact id: '46088092dd372501e7480cbf0dd8aff3') in 0.001813208 seconds
Number of updated asset objects reloaded before import = 0Number of asset objects unloaded after import = 1

========================================================================
Received Import Request.
  Time since last request: 0.000047 seconds.
  path: Assets/Museu
  artifactKey: Guid(954fe9ce4aece48e08156ff6329b9124) Importer(2089858483,b0f066a214c2f5e87bad3c948f4d605d)
Start importing Assets/Museu using Guid(954fe9ce4aece48e08156ff6329b9124) Importer(2089858483,b0f066a214c2f5e87bad3c948f4d605d) (ScriptedImporter) -> (artifact id: 'cdc9a573064340fdbb81d71aa163e4c8') in 0.001483708 seconds
Number of updated asset objects reloaded before import = 0Number of asset objects unloaded after import = 1

========================================================================
Received Import Request.
  Time since last request: 0.000066 seconds.
  path: Assets/Materials/Mesa/Cidade do Porto.mat
  artifactKey: Guid(1ce63e9b0d9f641aba13f0e5fddc1299) Importer(2089858483,b0f066a214c2f5e87bad3c948f4d605d)
Start importing Assets/Materials/Mesa/Cidade do Porto.mat using Guid(1ce63e9b0d9f641aba13f0e5fddc1299) Importer(2089858483,b0f066a214c2f5e87bad3c948f4d605d) (ScriptedImporter) -> (artifact id: 'c0b4f748ca3cd499e97efbfd82f970a4') in 0.002876833 seconds
Number of updated asset objects reloaded before import = 0Number of asset objects unloaded after import = 2

========================================================================
Received Import Request.
  Time since last request: 0.000038 seconds.
  path: Assets/Textures/Pinturas/Sala3/Amai-vos-uns-ao-outros.jpg
  artifactKey: Guid(e3c2190803b0ad1c8981ea4d16558c24) Importer(2089858483,b0f066a214c2f5e87bad3c948f4d605d)
Start importing Assets/Textures/Pinturas/Sala3/Amai-vos-uns-ao-outros.jpg using Guid(e3c2190803b0ad1c8981ea4d16558c24) Importer(2089858483,b0f066a214c2f5e87bad3c948f4d605d) (ScriptedImporter) -> (artifact id: '044625a4001ad5201c927406d92790b2') in 0.005352625 seconds
Number of updated asset objects reloaded before import = 0Number of asset objects unloaded after import = 1

========================================================================
Received Import Request.
  Time since last request: 0.000048 seconds.
  path: Assets/Textures/New Render Texture.renderTexture
  artifactKey: Guid(309e3980a3b01b0efb3a49873cb435b2) Importer(2089858483,b0f066a214c2f5e87bad3c948f4d605d)
Start importing Assets/Textures/New Render Texture.renderTexture using Guid(309e3980a3b01b0efb3a49873cb435b2) Importer(2089858483,b0f066a214c2f5e87bad3c948f4d605d) (ScriptedImporter) -> (artifact id: '7cf21a66886ff797973e7f227958db30') in 0.027445041 seconds
Number of updated asset objects reloaded before import = 0Number of asset objects unloaded after import = 1

========================================================================
Received Import Request.
  Time since last request: 0.000079 seconds.
  path: Assets/Textures/Peças/25 - Pequena Paixão de Cristo - Ceia em Emaús.png
  artifactKey: Guid(3c301429482a742a79a8029dfa62244e) Importer(2089858483,b0f066a214c2f5e87bad3c948f4d605d)
Start importing Assets/Textures/Peças/25 - Pequena Paixão de Cristo - Ceia em Emaús.png using Guid(3c301429482a742a79a8029dfa62244e) Importer(2089858483,b0f066a214c2f5e87bad3c948f4d605d) (ScriptedImporter) -> (artifact id: '673953db60b19d177afa3a54f9e3b9bc') in 0.0081795 seconds
Number of updated asset objects reloaded before import = 0Number of asset objects unloaded after import = 1

========================================================================
Received Import Request.
  Time since last request: 0.000046 seconds.
  path: Assets/Materials/Construção/Glass 1.mat
  artifactKey: Guid(9414c0c25cb7bff6bbf154da7b7b3097) Importer(2089858483,b0f066a214c2f5e87bad3c948f4d605d)
Start importing Assets/Materials/Construção/Glass 1.mat using Guid(9414c0c25cb7bff6bbf154da7b7b3097) Importer(2089858483,b0f066a214c2f5e87bad3c948f4d605d) (ScriptedImporter) -> (artifact id: 'a2837f62e45e2f27219c0d5bc5bd1a91') in 0.00395975 seconds
Number of updated asset objects reloaded before import = 0Number of asset objects unloaded after import = 1

========================================================================
Received Import Request.
  Time since last request: 0.000045 seconds.
  path: Assets/Textures/Peças/24 - Pequena Paixão de Cristo - _Noli me Tangere_.png
  artifactKey: Guid(33f8718a38d704e28bef5308e6cee8f8) Importer(2089858483,b0f066a214c2f5e87bad3c948f4d605d)
Start importing Assets/Textures/Peças/24 - Pequena Paixão de Cristo - _Noli me Tangere_.png using Guid(33f8718a38d704e28bef5308e6cee8f8) Importer(2089858483,b0f066a214c2f5e87bad3c948f4d605d) (ScriptedImporter) -> (artifact id: '99d9a9e7baa013d6a095855a9a9539c1') in 0.008001208 seconds
Number of updated asset objects reloaded before import = 0Number of asset objects unloaded after import = 1

========================================================================
Received Import Request.
  Time since last request: 0.000080 seconds.
  path: Assets/Textures/Peças/17 - Pequena Paixão de Cristo - Cristo Crucificado.png
  artifactKey: Guid(1aa7dcc68f2a144b69354135152663ce) Importer(2089858483,b0f066a214c2f5e87bad3c948f4d605d)
Start importing Assets/Textures/Peças/17 - Pequena Paixão de Cristo - Cristo Crucificado.png using Guid(1aa7dcc68f2a144b69354135152663ce) Importer(2089858483,b0f066a214c2f5e87bad3c948f4d605d) (ScriptedImporter) -> (artifact id: '2a383c58bceff7803bd46df18c82aa73') in 0.006767541 seconds
Number of updated asset objects reloaded before import = 0Number of asset objects unloaded after import = 1

========================================================================
Received Import Request.
  Time since last request: 0.000080 seconds.
  path: Assets/Materials/Peças/Peça_13.mat
  artifactKey: Guid(5616360542e80469a8b253835b92e5c8) Importer(2089858483,b0f066a214c2f5e87bad3c948f4d605d)
Start importing Assets/Materials/Peças/Peça_13.mat using Guid(5616360542e80469a8b253835b92e5c8) Importer(2089858483,b0f066a214c2f5e87bad3c948f4d605d) (ScriptedImporter) -> (artifact id: '9e5cc54afa1b01bcd6dd67f701278a6d') in 0.013474292 seconds
Number of updated asset objects reloaded before import = 0Number of asset objects unloaded after import = 2

========================================================================
Received Import Request.
  Time since last request: 0.000034 seconds.
  path: Assets/Textures/Molduras/texture_pbr_20250902.png
  artifactKey: Guid(8bc3d8cc4cfa12e62963679be9714987) Importer(2089858483,b0f066a214c2f5e87bad3c948f4d605d)
Start importing Assets/Textures/Molduras/texture_pbr_20250902.png using Guid(8bc3d8cc4cfa12e62963679be9714987) Importer(2089858483,b0f066a214c2f5e87bad3c948f4d605d) (ScriptedImporter) -> (artifact id: '874d7fd93ab05ebf9f4ec33e03019424') in 0.016716125 seconds
Number of updated asset objects reloaded before import = 0Number of asset objects unloaded after import = 1

========================================================================
Received Import Request.
  Time since last request: 0.000067 seconds.
  path: Assets/Textures/Pinturas/Sala4?/Cidade do Porto.jpeg
  artifactKey: Guid(745eb922745374ade85d588c17c2b925) Importer(2089858483,b0f066a214c2f5e87bad3c948f4d605d)
Start importing Assets/Textures/Pinturas/Sala4?/Cidade do Porto.jpeg using Guid(745eb922745374ade85d588c17c2b925) Importer(2089858483,b0f066a214c2f5e87bad3c948f4d605d) (ScriptedImporter) -> (artifact id: '7786e5a7b04383a20d87b510e9ee6a43') in 0.005819458 seconds
Number of updated asset objects reloaded before import = 0Number of asset objects unloaded after import = 1

========================================================================
Received Import Request.
  Time since last request: 0.000047 seconds.
  path: Assets/Materials/Pinturas/Sala3/Joaquim.mat
  artifactKey: Guid(8930a5ff3a0be62c999a6bbef9ecd2e7) Importer(2089858483,b0f066a214c2f5e87bad3c948f4d605d)
Start importing Assets/Materials/Pinturas/Sala3/Joaquim.mat using Guid(8930a5ff3a0be62c999a6bbef9ecd2e7) Importer(2089858483,b0f066a214c2f5e87bad3c948f4d605d) (ScriptedImporter) -> (artifact id: '9d6501f1c489b06eeb0f3a918b39e414') in 0.003802833 seconds
Number of updated asset objects reloaded before import = 0Number of asset objects unloaded after import = 2

========================================================================
Received Import Request.
  Time since last request: 0.000059 seconds.
  path: Assets/Museu/GeneratedCorridors.prefab
  artifactKey: Guid(e88b20c770d3944db81f3dc84cb3ba5d) Importer(2089858483,b0f066a214c2f5e87bad3c948f4d605d)
Start importing Assets/Museu/GeneratedCorridors.prefab using Guid(e88b20c770d3944db81f3dc84cb3ba5d) Importer(2089858483,b0f066a214c2f5e87bad3c948f4d605d) (ScriptedImporter) -> (artifact id: '18686f878fffed84911a627db944828c') in 0.00566675 seconds
Number of updated asset objects reloaded before import = 0Number of asset objects unloaded after import = 197

========================================================================
Received Import Request.
  Time since last request: 0.000060 seconds.
  path: Assets/Materials/Peças/Peça_04.mat
  artifactKey: Guid(b1f1522899b0c437c9b39bc8183c297e) Importer(2089858483,b0f066a214c2f5e87bad3c948f4d605d)
Start importing Assets/Materials/Peças/Peça_04.mat using Guid(b1f1522899b0c437c9b39bc8183c297e) Importer(2089858483,b0f066a214c2f5e87bad3c948f4d605d) (ScriptedImporter) -> (artifact id: '601e0c0142c2f19c45debb73d648c3eb') in 0.051323417 seconds
Number of updated asset objects reloaded before import = 0Number of asset objects unloaded after import = 2

========================================================================
Received Import Request.
  Time since last request: 0.000051 seconds.
  path: Assets/Materials/Construção/WhiteWallPaint.mat
  artifactKey: Guid(9da792f5880e600708b5eaee44b9222f) Importer(2089858483,b0f066a214c2f5e87bad3c948f4d605d)
Start importing Assets/Materials/Construção/WhiteWallPaint.mat using Guid(9da792f5880e600708b5eaee44b9222f) Importer(2089858483,b0f066a214c2f5e87bad3c948f4d605d) (ScriptedImporter) -> (artifact id: 'a52762d5b52bc68fbe3cf3f9e7d69da8') in 0.002408458 seconds
Number of updated asset objects reloaded before import = 0Number of asset objects unloaded after import = 1

========================================================================
Received Import Request.
  Time since last request: 0.000057 seconds.
  path: Assets/Materials/Pinturas/Sala2/Alegoria.mat
  artifactKey: Guid(1a6d2407a469fc4e0b6512b52a0ab32f) Importer(2089858483,b0f066a214c2f5e87bad3c948f4d605d)
Start importing Assets/Materials/Pinturas/Sala2/Alegoria.mat using Guid(1a6d2407a469fc4e0b6512b52a0ab32f) Importer(2089858483,b0f066a214c2f5e87bad3c948f4d605d) (ScriptedImporter) -> (artifact id: 'e2852b8e2430be9eb4262268bb51c629') in 0.004336416 seconds
Number of updated asset objects reloaded before import = 0Number of asset objects unloaded after import = 2

========================================================================
Received Import Request.
  Time since last request: 0.000037 seconds.
  path: Assets/Textures/Peças/09 - Pequena Paixão de Cristo - Cristo Escarnecido.png
  artifactKey: Guid(f971eadce3c4942089917444b595ebd0) Importer(2089858483,b0f066a214c2f5e87bad3c948f4d605d)
Start importing Assets/Textures/Peças/09 - Pequena Paixão de Cristo - Cristo Escarnecido.png using Guid(f971eadce3c4942089917444b595ebd0) Importer(2089858483,b0f066a214c2f5e87bad3c948f4d605d) (ScriptedImporter) -> (artifact id: 'f45ffc7353ed18bff496b116725545e7') in 0.029743083 seconds
Number of updated asset objects reloaded before import = 0Number of asset objects unloaded after import = 1

========================================================================
Received Import Request.
  Time since last request: 0.000077 seconds.
  path: Assets/Materials/Peças/Peça_19.mat
  artifactKey: Guid(42f2c5625100b433188bdf620865dc2c) Importer(2089858483,b0f066a214c2f5e87bad3c948f4d605d)
Start importing Assets/Materials/Peças/Peça_19.mat using Guid(42f2c5625100b433188bdf620865dc2c) Importer(2089858483,b0f066a214c2f5e87bad3c948f4d605d) (ScriptedImporter) -> (artifact id: 'de14f559ab8b6fb9d4f3ac903e8596b8') in 0.018135667 seconds
Number of updated asset objects reloaded before import = 0Number of asset objects unloaded after import = 2

========================================================================
Received Import Request.
  Time since last request: 0.000077 seconds.
  path: Assets/Textures/Pinturas/Sala3/Visconde_de_Pernes_by_Miguel_Angelo_Lupi,_1873,_oil_on_canvas_-_Museu_Nacional_de_Soares_dos_Reis_-_Porto,_Portugal_-_DSC00682.jpg
  artifactKey: Guid(c40cc5beb15ef0c10b1c9d0931aafa7d) Importer(2089858483,b0f066a214c2f5e87bad3c948f4d605d)
Start importing Assets/Textures/Pinturas/Sala3/Visconde_de_Pernes_by_Miguel_Angelo_Lupi,_1873,_oil_on_canvas_-_Museu_Nacional_de_Soares_dos_Reis_-_Porto,_Portugal_-_DSC00682.jpg using Guid(c40cc5beb15ef0c10b1c9d0931aafa7d) Importer(2089858483,b0f066a214c2f5e87bad3c948f4d605d) (ScriptedImporter) -> (artifact id: 'cb594d87cafdce3d17faa1b32d760379') in 0.02930775 seconds
Number of updated asset objects reloaded before import = 0Number of asset objects unloaded after import = 1

========================================================================
Received Import Request.
  Time since last request: 0.000049 seconds.
  path: Assets/Textures/Peças/04 - Pequena Paixão de Cristo - Última Ceia.png
  artifactKey: Guid(d32932d375cad4979aeb3700430d3218) Importer(2089858483,b0f066a214c2f5e87bad3c948f4d605d)
Start importing Assets/Textures/Peças/04 - Pequena Paixão de Cristo - Última Ceia.png using Guid(d32932d375cad4979aeb3700430d3218) Importer(2089858483,b0f066a214c2f5e87bad3c948f4d605d) (ScriptedImporter) -> (artifact id: '7aa946873ad2a88c5284aa9c643e7402') in 0.005411417 seconds
Number of updated asset objects reloaded before import = 0Number of asset objects unloaded after import = 1

========================================================================
Received Import Request.
  Time since last request: 0.000046 seconds.
  path: Assets/Materials/Construção/Grafismos.mat
  artifactKey: Guid(a421a9c8f5d3c84819d4b31993142cc0) Importer(2089858483,b0f066a214c2f5e87bad3c948f4d605d)
Start importing Assets/Materials/Construção/Grafismos.mat using Guid(a421a9c8f5d3c84819d4b31993142cc0) Importer(2089858483,b0f066a214c2f5e87bad3c948f4d605d) (ScriptedImporter) -> (artifact id: 'f4f477608cc744411b2cf6aea23dadec') in 0.003078542 seconds
Number of updated asset objects reloaded before import = 0Number of asset objects unloaded after import = 2

========================================================================
Received Import Request.
  Time since last request: 0.000068 seconds.
  path: Assets/Materials/Peças/Peça_11.mat
  artifactKey: Guid(64cf53c5a1c0847ef9841ee1d7197163) Importer(2089858483,b0f066a214c2f5e87bad3c948f4d605d)
Start importing Assets/Materials/Peças/Peça_11.mat using Guid(64cf53c5a1c0847ef9841ee1d7197163) Importer(2089858483,b0f066a214c2f5e87bad3c948f4d605d) (ScriptedImporter) -> (artifact id: '81e414f5be413c201ee1c64287ee6147') in 0.013869042 seconds
Number of updated asset objects reloaded before import = 0Number of asset objects unloaded after import = 2

========================================================================
Received Import Request.
  Time since last request: 0.000513 seconds.
  path: Assets/Materials
  artifactKey: Guid(bd1870910ac3c4ff690f1d28c320751f) Importer(2089858483,b0f066a214c2f5e87bad3c948f4d605d)
Start importing Assets/Materials using Guid(bd1870910ac3c4ff690f1d28c320751f) Importer(2089858483,b0f066a214c2f5e87bad3c948f4d605d) (ScriptedImporter) -> (artifact id: 'deef889b95b77de95d365589d1c0f250') in 0.012253958 seconds
Number of updated asset objects reloaded before import = 0Number of asset objects unloaded after import = 1

========================================================================
Received Import Request.
  Time since last request: 0.000073 seconds.
  path: Assets/Materials/Peças/Peça_05.mat
  artifactKey: Guid(c9303be5c20b74b67abb90f56c7e8c2f) Importer(2089858483,b0f066a214c2f5e87bad3c948f4d605d)
Start importing Assets/Materials/Peças/Peça_05.mat using Guid(c9303be5c20b74b67abb90f56c7e8c2f) Importer(2089858483,b0f066a214c2f5e87bad3c948f4d605d) (ScriptedImporter) -> (artifact id: '8e091741dd9bd6fa11f0fb3d8f65f657') in 0.006106083 seconds
Number of updated asset objects reloaded before import = 0Number of asset objects unloaded after import = 2

========================================================================
Received Import Request.
  Time since last request: 0.000090 seconds.
  path: Assets/Textures/Construção/Materials/WALNUT-MADERA-UF-CC-2MB-4066446538.mat
  artifactKey: Guid(71b325b088bc54330adc068ea478365d) Importer(2089858483,b0f066a214c2f5e87bad3c948f4d605d)
Start importing Assets/Textures/Construção/Materials/WALNUT-MADERA-UF-CC-2MB-4066446538.mat using Guid(71b325b088bc54330adc068ea478365d) Importer(2089858483,b0f066a214c2f5e87bad3c948f4d605d) (ScriptedImporter) -> (artifact id: '30b728068571fbcdd32ffbdcce21282d') in 0.008737209 seconds
Number of updated asset objects reloaded before import = 0Number of asset objects unloaded after import = 2

========================================================================
Received Import Request.
  Time since last request: 0.000058 seconds.
  path: Assets/Textures/Pinturas/Sala3/Retrato_do_Visconde_de_Pernes_(1873)_-_Miguel_Ângelo_Lupi.png
  artifactKey: Guid(4775d6eea09aa914f82160d3e037dc19) Importer(2089858483,b0f066a214c2f5e87bad3c948f4d605d)
Start importing Assets/Textures/Pinturas/Sala3/Retrato_do_Visconde_de_Pernes_(1873)_-_Miguel_Ângelo_Lupi.png using Guid(4775d6eea09aa914f82160d3e037dc19) Importer(2089858483,b0f066a214c2f5e87bad3c948f4d605d) (ScriptedImporter) -> (artifact id: '331659b478f3bcdc8241044667f5cdf0') in 0.005149083 seconds
Number of updated asset objects reloaded before import = 0Number of asset objects unloaded after import = 1

========================================================================
Received Import Request.
  Time since last request: 0.000037 seconds.
  path: Assets/Materials/Construção/BlackWallPaint.mat
  artifactKey: Guid(7061adcda182448d68955179964bed7a) Importer(2089858483,b0f066a214c2f5e87bad3c948f4d605d)
Start importing Assets/Materials/Construção/BlackWallPaint.mat using Guid(7061adcda182448d68955179964bed7a) Importer(2089858483,b0f066a214c2f5e87bad3c948f4d605d) (ScriptedImporter) -> (artifact id: 'c83c4457f50aad208fbe2eb633c45fb6') in 0.002430833 seconds
Number of updated asset objects reloaded before import = 0Number of asset objects unloaded after import = 1

========================================================================
Received Import Request.
  Time since last request: 0.000059 seconds.
  path: Assets/Materials/Peças/Peça_15.mat
  artifactKey: Guid(f980a67aaad964452aac6232633ef730) Importer(2089858483,b0f066a214c2f5e87bad3c948f4d605d)
Start importing Assets/Materials/Peças/Peça_15.mat using Guid(f980a67aaad964452aac6232633ef730) Importer(2089858483,b0f066a214c2f5e87bad3c948f4d605d) (ScriptedImporter) -> (artifact id: '3c6a8247621182958778fb3fc17340d9') in 0.03025325 seconds
Number of updated asset objects reloaded before import = 0Number of asset objects unloaded after import = 2

========================================================================
Received Import Request.
  Time since last request: 0.000029 seconds.
  path: Assets/Template Environment.prefab
  artifactKey: Guid(4b1d8c2e2a5294a6d9c858d4231ecaf1) Importer(2089858483,b0f066a214c2f5e87bad3c948f4d605d)
Start importing Assets/Template Environment.prefab using Guid(4b1d8c2e2a5294a6d9c858d4231ecaf1) Importer(2089858483,b0f066a214c2f5e87bad3c948f4d605d) (ScriptedImporter) -> (artifact id: '03117faa6596427ec72c2cd795ec6a89') in 0.015002958 seconds
Number of updated asset objects reloaded before import = 0Number of asset objects unloaded after import = 78

========================================================================
Received Import Request.
  Time since last request: 0.000046 seconds.
  path: Assets/Textures/Pinturas/Sala3/Santa-Isabel-dando-esmolas.jpg
  artifactKey: Guid(4b04f9514f969d18aa7804c8f60cfe67) Importer(2089858483,b0f066a214c2f5e87bad3c948f4d605d)
Start importing Assets/Textures/Pinturas/Sala3/Santa-Isabel-dando-esmolas.jpg using Guid(4b04f9514f969d18aa7804c8f60cfe67) Importer(2089858483,b0f066a214c2f5e87bad3c948f4d605d) (ScriptedImporter) -> (artifact id: '88ece26701bf1e243f3fb64890575ed0') in 0.0126815 seconds
Number of updated asset objects reloaded before import = 0Number of asset objects unloaded after import = 1

========================================================================
Received Import Request.
  Time since last request: 0.000038 seconds.
  path: Assets/Materials/Molduras/MolduraPuzzle.mat
  artifactKey: Guid(3c7b304794c128042899b2f36742d412) Importer(2089858483,b0f066a214c2f5e87bad3c948f4d605d)
Start importing Assets/Materials/Molduras/MolduraPuzzle.mat using Guid(3c7b304794c128042899b2f36742d412) Importer(2089858483,b0f066a214c2f5e87bad3c948f4d605d) (ScriptedImporter) -> (artifact id: '01557ee4b83da9edd4d4493d35519e14') in 0.003833167 seconds
Number of updated asset objects reloaded before import = 0Number of asset objects unloaded after import = 2

========================================================================
Received Import Request.
  Time since last request: 0.000035 seconds.
  path: Assets/Materials/Estatuas/alexzavesa-calm-elegant-logo-519008.mp3
  artifactKey: Guid(a74da3a13217f10eba5ece61525678bc) Importer(2089858483,b0f066a214c2f5e87bad3c948f4d605d)
Start importing Assets/Materials/Estatuas/alexzavesa-calm-elegant-logo-519008.mp3 using Guid(a74da3a13217f10eba5ece61525678bc) Importer(2089858483,b0f066a214c2f5e87bad3c948f4d605d) (ScriptedImporter) -> (artifact id: 'a985a1b7f08e4571d187785df5fac68a') in 0.013709166 seconds
Number of updated asset objects reloaded before import = 0Number of asset objects unloaded after import = 1

========================================================================
Received Import Request.
  Time since last request: 0.000037 seconds.
  path: Assets/Materials/Pinturas/Sala3/RecCadaver.mat
  artifactKey: Guid(c500fb058513265c3a1f7999147c4aa6) Importer(2089858483,b0f066a214c2f5e87bad3c948f4d605d)
Start importing Assets/Materials/Pinturas/Sala3/RecCadaver.mat using Guid(c500fb058513265c3a1f7999147c4aa6) Importer(2089858483,b0f066a214c2f5e87bad3c948f4d605d) (ScriptedImporter) -> (artifact id: '4279411affdd972de2629d83edefbccd') in 0.008474791 seconds
Number of updated asset objects reloaded before import = 0Number of asset objects unloaded after import = 2

========================================================================
Received Import Request.
  Time since last request: 0.000035 seconds.
  path: Assets/Materials/Molduras
  artifactKey: Guid(2dec840d44a96a3cd838b73656e994bf) Importer(2089858483,b0f066a214c2f5e87bad3c948f4d605d)
Start importing Assets/Materials/Molduras using Guid(2dec840d44a96a3cd838b73656e994bf) Importer(2089858483,b0f066a214c2f5e87bad3c948f4d605d) (ScriptedImporter) -> (artifact id: '9006b6a403a3b1403fa7935e6b000dfe') in 0.002043792 seconds
Number of updated asset objects reloaded before import = 0Number of asset objects unloaded after import = 1

========================================================================
Received Import Request.
  Time since last request: 0.000079 seconds.
  path: Assets/Models/GlassTopTable.prefab
  artifactKey: Guid(617f73c9ec689647b985488d8fc51660) Importer(2089858483,b0f066a214c2f5e87bad3c948f4d605d)
Start importing Assets/Models/GlassTopTable.prefab using Guid(617f73c9ec689647b985488d8fc51660) Importer(2089858483,b0f066a214c2f5e87bad3c948f4d605d) (ScriptedImporter) -> (artifact id: '9715aeca2a070b1999788c218780b777') in 0.007571708 seconds
Number of updated asset objects reloaded before import = 0Number of asset objects unloaded after import = 76

========================================================================
Received Import Request.
  Time since last request: 0.000045 seconds.
  path: Assets/Materials/Peças/Peça_25.mat
  artifactKey: Guid(5ca803c9adc504acaa6cd0230eb343b3) Importer(2089858483,b0f066a214c2f5e87bad3c948f4d605d)
Start importing Assets/Materials/Peças/Peça_25.mat using Guid(5ca803c9adc504acaa6cd0230eb343b3) Importer(2089858483,b0f066a214c2f5e87bad3c948f4d605d) (ScriptedImporter) -> (artifact id: 'c69b26a173d6607385f7556cd4761e68') in 0.039234542 seconds
Number of updated asset objects reloaded before import = 0Number of asset objects unloaded after import = 2

========================================================================
Received Import Request.
  Time since last request: 0.000055 seconds.
  path: Assets/Textures/Construção/Materials
  artifactKey: Guid(717935e1c45c240198b70293e6a9fd4a) Importer(2089858483,b0f066a214c2f5e87bad3c948f4d605d)
Start importing Assets/Textures/Construção/Materials using Guid(717935e1c45c240198b70293e6a9fd4a) Importer(2089858483,b0f066a214c2f5e87bad3c948f4d605d) (ScriptedImporter) -> (artifact id: '08f46a1e90493f6886e00b44635979f5') in 0.0023675 seconds
Number of updated asset objects reloaded before import = 0Number of asset objects unloaded after import = 1

========================================================================
Received Import Request.
  Time since last request: 0.000042 seconds.
  path: Assets/Materials/Peças/Peça_10.mat
  artifactKey: Guid(e6db9f428a26b404a941ab1b57bd2852) Importer(2089858483,b0f066a214c2f5e87bad3c948f4d605d)
Start importing Assets/Materials/Peças/Peça_10.mat using Guid(e6db9f428a26b404a941ab1b57bd2852) Importer(2089858483,b0f066a214c2f5e87bad3c948f4d605d) (ScriptedImporter) -> (artifact id: 'f02d669b5fd7298e553ae45ab9e745f7') in 0.020644333 seconds
Number of updated asset objects reloaded before import = 0Number of asset objects unloaded after import = 2

========================================================================
Received Import Request.
  Time since last request: 0.000034 seconds.
  path: Assets/Textures/Pinturas/Sala2/alegoria-aliança.png
  artifactKey: Guid(19da66b1d278af605a13e377bde81b99) Importer(2089858483,b0f066a214c2f5e87bad3c948f4d605d)
Start importing Assets/Textures/Pinturas/Sala2/alegoria-aliança.png using Guid(19da66b1d278af605a13e377bde81b99) Importer(2089858483,b0f066a214c2f5e87bad3c948f4d605d) (ScriptedImporter) -> (artifact id: '4dbd3babb7ae657371bbe5da38eb2b5e') in 0.00665625 seconds
Number of updated asset objects reloaded before import = 0Number of asset objects unloaded after import = 1

========================================================================
Received Import Request.
  Time since last request: 0.000039 seconds.
  path: Assets/Materials/Pinturas/Sala3/Viscondessa.mat
  artifactKey: Guid(bb09f68bbd76c1c438db64c52e6927bd) Importer(2089858483,b0f066a214c2f5e87bad3c948f4d605d)
Start importing Assets/Materials/Pinturas/Sala3/Viscondessa.mat using Guid(bb09f68bbd76c1c438db64c52e6927bd) Importer(2089858483,b0f066a214c2f5e87bad3c948f4d605d) (ScriptedImporter) -> (artifact id: '81fc8d4348464992b028c107641fe11e') in 0.015085 seconds
Number of updated asset objects reloaded before import = 0Number of asset objects unloaded after import = 2

========================================================================
Received Import Request.
  Time since last request: 0.000046 seconds.
  path: Assets/Textures/Peças/23 - Pequena Paixão de Cristo - Aparição de Cristo a Sua Mãe.png
  artifactKey: Guid(3e16a0798bcda4558a1cd4fc777f5a1a) Importer(2089858483,b0f066a214c2f5e87bad3c948f4d605d)
Start importing Assets/Textures/Peças/23 - Pequena Paixão de Cristo - Aparição de Cristo a Sua Mãe.png using Guid(3e16a0798bcda4558a1cd4fc777f5a1a) Importer(2089858483,b0f066a214c2f5e87bad3c948f4d605d) (ScriptedImporter) -> (artifact id: '65b8028529e16c3c05330a2e54b6618c') in 0.006506417 seconds
Number of updated asset objects reloaded before import = 0Number of asset objects unloaded after import = 1

========================================================================
Received Import Request.
  Time since last request: 0.000075 seconds.
  path: Assets/Materials/Construção/WhitePlastic.mat
  artifactKey: Guid(81b0a78db18be8f399a37b6b9e0fa0a8) Importer(2089858483,b0f066a214c2f5e87bad3c948f4d605d)
Start importing Assets/Materials/Construção/WhitePlastic.mat using Guid(81b0a78db18be8f399a37b6b9e0fa0a8) Importer(2089858483,b0f066a214c2f5e87bad3c948f4d605d) (ScriptedImporter) -> (artifact id: '224e9e3240b7d6eca36e1c82be7554a7') in 0.002612875 seconds
Number of updated asset objects reloaded before import = 0Number of asset objects unloaded after import = 1

========================================================================
Received Import Request.
  Time since last request: 0.000087 seconds.
  path: Assets/Textures/Peças/19 - Pequena Paixão de Cristo - Descimento da Cruz.png
  artifactKey: Guid(0d2f470c1bc244d64a7e8efeac480644) Importer(2089858483,b0f066a214c2f5e87bad3c948f4d605d)
Start importing Assets/Textures/Peças/19 - Pequena Paixão de Cristo - Descimento da Cruz.png using Guid(0d2f470c1bc244d64a7e8efeac480644) Importer(2089858483,b0f066a214c2f5e87bad3c948f4d605d) (ScriptedImporter) -> (artifact id: '0278d40ac37c9dd49f00e1f5414056ba') in 0.005155542 seconds
Number of updated asset objects reloaded before import = 0Number of asset objects unloaded after import = 1

========================================================================
Received Import Request.
  Time since last request: 0.000062 seconds.
  path: Assets/Materials/Peças/Peça_20.mat
  artifactKey: Guid(c4e430f419f23445184a876fec9015c9) Importer(2089858483,b0f066a214c2f5e87bad3c948f4d605d)
Start importing Assets/Materials/Peças/Peça_20.mat using Guid(c4e430f419f23445184a876fec9015c9) Importer(2089858483,b0f066a214c2f5e87bad3c948f4d605d) (ScriptedImporter) -> (artifact id: '27f1cb2c1eb3267abf1ede336bdabf07') in 0.007388584 seconds
Number of updated asset objects reloaded before import = 0Number of asset objects unloaded after import = 2

========================================================================
Received Import Request.
  Time since last request: 0.000044 seconds.
  path: Assets/Materials/Peças
  artifactKey: Guid(bd1aa79e41dce4b5cba4a0e14fa9719a) Importer(2089858483,b0f066a214c2f5e87bad3c948f4d605d)
Start importing Assets/Materials/Peças using Guid(bd1aa79e41dce4b5cba4a0e14fa9719a) Importer(2089858483,b0f066a214c2f5e87bad3c948f4d605d) (ScriptedImporter) -> (artifact id: 'f18c25731bbf3310d80ae0047f4440de') in 0.001828083 seconds
Number of updated asset objects reloaded before import = 0Number of asset objects unloaded after import = 1

========================================================================
Received Import Request.
  Time since last request: 0.000041 seconds.
  path: Assets/Materials/Peças/Peça_09.mat
  artifactKey: Guid(dee225869e2be470ba4dd7d6531b26e3) Importer(2089858483,b0f066a214c2f5e87bad3c948f4d605d)
Start importing Assets/Materials/Peças/Peça_09.mat using Guid(dee225869e2be470ba4dd7d6531b26e3) Importer(2089858483,b0f066a214c2f5e87bad3c948f4d605d) (ScriptedImporter) -> (artifact id: 'eaa8a76195bea74a15c8e0d30c21d731') in 0.003807583 seconds
Number of updated asset objects reloaded before import = 0Number of asset objects unloaded after import = 2

========================================================================
Received Import Request.
  Time since last request: 0.000052 seconds.
  path: Assets/Museu/GeneratedCorridors.prefab
  artifactKey: Guid(e88b20c770d3944db81f3dc84cb3ba5d) Importer(815301076,1909f56bfc062723c751e8b465ee728b)
Start importing Assets/Museu/GeneratedCorridors.prefab using Guid(e88b20c770d3944db81f3dc84cb3ba5d) Importer(815301076,1909f56bfc062723c751e8b465ee728b) (PreviewImporter) -> (artifact id: '524df9eb8123135787a87c716b2fb235') in 0.017463916 seconds
Number of updated asset objects reloaded before import = 0Number of asset objects unloaded after import = 197

========================================================================
Received Import Request.
  Time since last request: 0.000042 seconds.
  path: Assets/Textures/Peças/18 - Pequena Paixão de Cristo - Descida ao Limbo.png
  artifactKey: Guid(867b9150064484fbd849cfb7eedf43e6) Importer(2089858483,b0f066a214c2f5e87bad3c948f4d605d)
Start importing Assets/Textures/Peças/18 - Pequena Paixão de Cristo - Descida ao Limbo.png using Guid(867b9150064484fbd849cfb7eedf43e6) Importer(2089858483,b0f066a214c2f5e87bad3c948f4d605d) (ScriptedImporter) -> (artifact id: 'b6504eb812cf8b28324adecf4baf82b0') in 0.006089084 seconds
Number of updated asset objects reloaded before import = 0Number of asset objects unloaded after import = 1

========================================================================
Received Import Request.
  Time since last request: 0.000038 seconds.
  path: Assets/Textures/Estatuas/Cubo.mat
  artifactKey: Guid(29e7742d122bc4032a775ca20c201998) Importer(2089858483,b0f066a214c2f5e87bad3c948f4d605d)
Start importing Assets/Textures/Estatuas/Cubo.mat using Guid(29e7742d122bc4032a775ca20c201998) Importer(2089858483,b0f066a214c2f5e87bad3c948f4d605d) (ScriptedImporter) -> (artifact id: '65d6bdb892e31f94923099490bbbb213') in 0.002423833 seconds
Number of updated asset objects reloaded before import = 0Number of asset objects unloaded after import = 1

========================================================================
Received Import Request.
  Time since last request: 0.000047 seconds.
  path: Assets/Materials/Peças/Peça_14.mat
  artifactKey: Guid(03efe64512a83495db9c648bfe1a25b7) Importer(2089858483,b0f066a214c2f5e87bad3c948f4d605d)
Start importing Assets/Materials/Peças/Peça_14.mat using Guid(03efe64512a83495db9c648bfe1a25b7) Importer(2089858483,b0f066a214c2f5e87bad3c948f4d605d) (ScriptedImporter) -> (artifact id: 'a3316ad9b14f7e972e466bbab2a08a5e') in 0.005015792 seconds
Number of updated asset objects reloaded before import = 0Number of asset objects unloaded after import = 2

========================================================================
Received Import Request.
  Time since last request: 0.000059 seconds.
  path: Assets/Textures/Peças/10 - Pequena Paixão de Cristo - Flagelação.png
  artifactKey: Guid(a998901b710d94c1bb6ad80ab93c5be2) Importer(2089858483,b0f066a214c2f5e87bad3c948f4d605d)
Start importing Assets/Textures/Peças/10 - Pequena Paixão de Cristo - Flagelação.png using Guid(a998901b710d94c1bb6ad80ab93c5be2) Importer(2089858483,b0f066a214c2f5e87bad3c948f4d605d) (ScriptedImporter) -> (artifact id: '0871d83a667e9de80b6fc1491e1f5361') in 0.005380917 seconds
Number of updated asset objects reloaded before import = 0Number of asset objects unloaded after import = 1

========================================================================
Received Import Request.
  Time since last request: 0.000045 seconds.
  path: Assets/Textures/Molduras
  artifactKey: Guid(ec6e9c3419e224dabb33a252feb1b509) Importer(2089858483,b0f066a214c2f5e87bad3c948f4d605d)
Start importing Assets/Textures/Molduras using Guid(ec6e9c3419e224dabb33a252feb1b509) Importer(2089858483,b0f066a214c2f5e87bad3c948f4d605d) (ScriptedImporter) -> (artifact id: 'b22a2767bffc9bf29729269730b251f8') in 0.00181125 seconds
Number of updated asset objects reloaded before import = 0Number of asset objects unloaded after import = 1

========================================================================
Received Import Request.
  Time since last request: 154.087048 seconds.
  path: Assets/Textures/Molduras/MolduraPuzzle.png
  artifactKey: Guid(57ddfca8847562903a6482ef898833bf) Importer(815301076,1909f56bfc062723c751e8b465ee728b)
Start importing Assets/Textures/Molduras/MolduraPuzzle.png using Guid(57ddfca8847562903a6482ef898833bf) Importer(815301076,1909f56bfc062723c751e8b465ee728b) (PreviewImporter) -> (artifact id: 'f63b643d544f6c9c36bf5ce22884c817') in 0.03239875 seconds
Number of updated asset objects reloaded before import = 0Number of asset objects unloaded after import = 2

========================================================================
Received Import Request.
  Time since last request: 0.000124 seconds.
  path: Assets/Textures/Molduras/texture_pbr_20250902.png
  artifactKey: Guid(8bc3d8cc4cfa12e62963679be9714987) Importer(815301076,1909f56bfc062723c751e8b465ee728b)
Start importing Assets/Textures/Molduras/texture_pbr_20250902.png using Guid(8bc3d8cc4cfa12e62963679be9714987) Importer(815301076,1909f56bfc062723c751e8b465ee728b) (PreviewImporter) -> (artifact id: '0bbf37509d41f85b434fbf90195a678b') in 0.012576083 seconds
Number of updated asset objects reloaded before import = 0Number of asset objects unloaded after import = 2

========================================================================
Received Import Request.
  Time since last request: 0.000094 seconds.
  path: Assets/Textures/Peças/04 - Pequena Paixão de Cristo - Última Ceia.png
  artifactKey: Guid(d32932d375cad4979aeb3700430d3218) Importer(815301076,1909f56bfc062723c751e8b465ee728b)
Start importing Assets/Textures/Peças/04 - Pequena Paixão de Cristo - Última Ceia.png using Guid(d32932d375cad4979aeb3700430d3218) Importer(815301076,1909f56bfc062723c751e8b465ee728b) (PreviewImporter) -> (artifact id: '11a35a09895db7747a809122cb7a71b2') in 0.006624708 seconds
Number of updated asset objects reloaded before import = 0Number of asset objects unloaded after import = 2

========================================================================
Received Import Request.
  Time since last request: 0.000047 seconds.
  path: Assets/Textures/Peças/LockedPiece.png
  artifactKey: Guid(e13e3080997b2478c840c3f4a35e444e) Importer(815301076,1909f56bfc062723c751e8b465ee728b)
Start importing Assets/Textures/Peças/LockedPiece.png using Guid(e13e3080997b2478c840c3f4a35e444e) Importer(815301076,1909f56bfc062723c751e8b465ee728b) (PreviewImporter) -> (artifact id: '9eccd7e0f5e1ca4b59f4c4fdd98f1292') in 0.005362958 seconds
Number of updated asset objects reloaded before import = 0Number of asset objects unloaded after import = 2

========================================================================
Received Import Request.
  Time since last request: 0.000037 seconds.
  path: Assets/Textures/Peças/13 - Pequena Paixão de Cristo - Pilatos Lavando as Mãos.png
  artifactKey: Guid(3a606b2d46e4441109db25cc386d173c) Importer(815301076,1909f56bfc062723c751e8b465ee728b)
Start importing Assets/Textures/Peças/13 - Pequena Paixão de Cristo - Pilatos Lavando as Mãos.png using Guid(3a606b2d46e4441109db25cc386d173c) Importer(815301076,1909f56bfc062723c751e8b465ee728b) (PreviewImporter) -> (artifact id: 'ae431d6ff85dcb8c14449561eb7a1a1c') in 0.009791 seconds
Number of updated asset objects reloaded before import = 0Number of asset objects unloaded after import = 2

========================================================================
Received Import Request.
  Time since last request: 0.000058 seconds.
  path: Assets/Textures/Peças/26 - Pequena Paixão de Cristo - Incredulidade de S. Tomé.png
  artifactKey: Guid(1c341a14b9cd744f9b80ae1be9196cc2) Importer(815301076,1909f56bfc062723c751e8b465ee728b)
Start importing Assets/Textures/Peças/26 - Pequena Paixão de Cristo - Incredulidade de S. Tomé.png using Guid(1c341a14b9cd744f9b80ae1be9196cc2) Importer(815301076,1909f56bfc062723c751e8b465ee728b) (PreviewImporter) -> (artifact id: 'ae0f356a9508e6ea526956928aecb14e') in 0.008592208 seconds
Number of updated asset objects reloaded before import = 0Number of asset objects unloaded after import = 2

========================================================================
Received Import Request.
  Time since last request: 0.000102 seconds.
  path: Assets/Textures/Peças/16 - Pequena Paixão de Cristo - Cristo é Pregado na Cruz.png
  artifactKey: Guid(08c63cd0611f8432d97b37c64c8cc7ba) Importer(815301076,1909f56bfc062723c751e8b465ee728b)
Start importing Assets/Textures/Peças/16 - Pequena Paixão de Cristo - Cristo é Pregado na Cruz.png using Guid(08c63cd0611f8432d97b37c64c8cc7ba) Importer(815301076,1909f56bfc062723c751e8b465ee728b) (PreviewImporter) -> (artifact id: '2f1e5bf60419dd5a45ed8a034ffe51b1') in 0.006147333 seconds
Number of updated asset objects reloaded before import = 0Number of asset objects unloaded after import = 2

========================================================================
Received Import Request.
  Time since last request: 0.000032 seconds.
  path: Assets/Textures/Peças/24 - Pequena Paixão de Cristo - _Noli me Tangere_.png
  artifactKey: Guid(33f8718a38d704e28bef5308e6cee8f8) Importer(815301076,1909f56bfc062723c751e8b465ee728b)
Start importing Assets/Textures/Peças/24 - Pequena Paixão de Cristo - _Noli me Tangere_.png using Guid(33f8718a38d704e28bef5308e6cee8f8) Importer(815301076,1909f56bfc062723c751e8b465ee728b) (PreviewImporter) -> (artifact id: '1bbd1e6c695e1311756974c2f241a353') in 0.006750084 seconds
Number of updated asset objects reloaded before import = 0Number of asset objects unloaded after import = 2

========================================================================
Received Import Request.
  Time since last request: 0.000034 seconds.
  path: Assets/Textures/Peças/07 - Pequena Paixão de Cristo - Traição de Cristo.png
  artifactKey: Guid(7cfe3017da3994a7eb834ee0eb209d6f) Importer(815301076,1909f56bfc062723c751e8b465ee728b)
Start importing Assets/Textures/Peças/07 - Pequena Paixão de Cristo - Traição de Cristo.png using Guid(7cfe3017da3994a7eb834ee0eb209d6f) Importer(815301076,1909f56bfc062723c751e8b465ee728b) (PreviewImporter) -> (artifact id: '5e61c404239941b03fbaf1a171b7eea2') in 0.013152542 seconds
Number of updated asset objects reloaded before import = 0Number of asset objects unloaded after import = 2

========================================================================
Received Import Request.
  Time since last request: 0.000052 seconds.
  path: Assets/Textures/Peças/11 - Pequena Paixão de Cristo - Coroação de Espinhos.png
  artifactKey: Guid(06f71d59419674873983f2058dcde3ee) Importer(815301076,1909f56bfc062723c751e8b465ee728b)
Start importing Assets/Textures/Peças/11 - Pequena Paixão de Cristo - Coroação de Espinhos.png using Guid(06f71d59419674873983f2058dcde3ee) Importer(815301076,1909f56bfc062723c751e8b465ee728b) (PreviewImporter) -> (artifact id: '74992c1152c8a18bb02f842a8d01758b') in 0.008311291 seconds
Number of updated asset objects reloaded before import = 0Number of asset objects unloaded after import = 2

========================================================================
Received Import Request.
  Time since last request: 0.000043 seconds.
  path: Assets/Textures/Peças/22 - Pequena Paixão de Cristo - Ressurreição.png
  artifactKey: Guid(00ad1ee2fbe8c4be88de9c8b8f50faf0) Importer(815301076,1909f56bfc062723c751e8b465ee728b)
Start importing Assets/Textures/Peças/22 - Pequena Paixão de Cristo - Ressurreição.png using Guid(00ad1ee2fbe8c4be88de9c8b8f50faf0) Importer(815301076,1909f56bfc062723c751e8b465ee728b) (PreviewImporter) -> (artifact id: '80a5ef257aa8301fed8b4799024da474') in 0.0105175 seconds
Number of updated asset objects reloaded before import = 0Number of asset objects unloaded after import = 2

========================================================================
Received Import Request.
  Time since last request: 0.000044 seconds.
  path: Assets/Textures/Peças/15 - Pequena Paixão de Cristo - Santa Verónica com São Pedro e São Paulo.png
  artifactKey: Guid(ad5577b5266cb4b27ad2dcee00d96aff) Importer(815301076,1909f56bfc062723c751e8b465ee728b)
Start importing Assets/Textures/Peças/15 - Pequena Paixão de Cristo - Santa Verónica com São Pedro e São Paulo.png using Guid(ad5577b5266cb4b27ad2dcee00d96aff) Importer(815301076,1909f56bfc062723c751e8b465ee728b) (PreviewImporter) -> (artifact id: '8487ec6e61b61e342ac279d3d52bd9da') in 0.009226458 seconds
Number of updated asset objects reloaded before import = 0Number of asset objects unloaded after import = 2

========================================================================
Received Import Request.
  Time since last request: 0.000040 seconds.
  path: Assets/Textures/Peças/08 - Pequena Paixão de Cristo - Cristo Perante Anás.png
  artifactKey: Guid(6055c010215244d419f253a4a7aba0f4) Importer(815301076,1909f56bfc062723c751e8b465ee728b)
Start importing Assets/Textures/Peças/08 - Pequena Paixão de Cristo - Cristo Perante Anás.png using Guid(6055c010215244d419f253a4a7aba0f4) Importer(815301076,1909f56bfc062723c751e8b465ee728b) (PreviewImporter) -> (artifact id: '645fb9b23c12f6de11244dca5a14e1ae') in 0.006350584 seconds
Number of updated asset objects reloaded before import = 0Number of asset objects unloaded after import = 2

========================================================================
Received Import Request.
  Time since last request: 0.000037 seconds.
  path: Assets/Textures/Peças/19 - Pequena Paixão de Cristo - Descimento da Cruz.png
  artifactKey: Guid(0d2f470c1bc244d64a7e8efeac480644) Importer(815301076,1909f56bfc062723c751e8b465ee728b)
Start importing Assets/Textures/Peças/19 - Pequena Paixão de Cristo - Descimento da Cruz.png using Guid(0d2f470c1bc244d64a7e8efeac480644) Importer(815301076,1909f56bfc062723c751e8b465ee728b) (PreviewImporter) -> (artifact id: 'a3e992875288f11d370479170bdf7ce7') in 0.00719875 seconds
Number of updated asset objects reloaded before import = 0Number of asset objects unloaded after import = 2

========================================================================
Received Import Request.
  Time since last request: 0.000039 seconds.
  path: Assets/Textures/Peças/02 - Pequena Paixão de Cristo - Entrada de Cristo em Jerusalém.png
  artifactKey: Guid(c8a6a80c6aeed4432af44c8c515c405a) Importer(815301076,1909f56bfc062723c751e8b465ee728b)
Start importing Assets/Textures/Peças/02 - Pequena Paixão de Cristo - Entrada de Cristo em Jerusalém.png using Guid(c8a6a80c6aeed4432af44c8c515c405a) Importer(815301076,1909f56bfc062723c751e8b465ee728b) (PreviewImporter) -> (artifact id: '9be3fff67cf9e4ab963fd00c23693f5f') in 0.006556459 seconds
Number of updated asset objects reloaded before import = 0Number of asset objects unloaded after import = 2

========================================================================
Received Prepare
Begin MonoManager ReloadAssembly
[Licensing::Client] Successfully resolved entitlement details
Thread 0x16bac3000 may have been prematurely finalized
- Loaded All Assemblies, in  0.766 seconds
Refreshing native plugins compatible for Editor in 5.59 ms, found 10 plugins.
Native extension for Android target not found
Native extension for OSXStandalone target not found
Native extension for WebGL target not found
[Package Manager] Failed to launch server process. Reason: Unity was launched with the -noUpm command-line argument
[Package Manager] Unable to send message (not connected to server process).
[Package Manager] Cannot connect to Unity Package Manager local server
ScheduleIndexationOnStartup MainProcess:False IndexOnStartup:True
Mono: successfully reloaded assembly
[Package Manager] Failed to launch server process. Reason: Unity was launched with the -noUpm command-line argument
[Package Manager] Unable to send message (not connected to server process).
[Package Manager] Cannot connect to Unity Package Manager local server
- Finished resetting the current domain, in  0.932 seconds
Domain Reload Profiling: 1701ms
	BeginReloadAssembly (321ms)
		ExecutionOrderSort (0ms)
		DisableScriptedObjects (20ms)
		BackupInstance (0ms)
		ReleaseScriptingObjects (0ms)
		CreateAndSetChildDomain (92ms)
	RebuildCommonClasses (26ms)
	RebuildNativeTypeToScriptingClass (10ms)
	initialDomainReloadingComplete (15ms)
	LoadAllAssembliesAndSetupDomain (397ms)
		LoadAssemblies (317ms)
		RebuildTransferFunctionScriptingTraits (0ms)
		AnalyzeDomain (167ms)
			TypeCache.Refresh (17ms)
				TypeCache.ScanAssembly (0ms)
			BuildScriptInfoCaches (132ms)
			ResolveRequiredComponents (11ms)
	FinalizeReload (932ms)
		ReleaseScriptCaches (0ms)
		RebuildScriptCaches (0ms)
		SetupLoadedEditorAssemblies (768ms)
			LogAssemblyErrors (0ms)
			InitializePlatformSupportModulesInManaged (6ms)
			SetLoadedEditorAssemblies (5ms)
			BeforeProcessingInitializeOnLoad (102ms)
			ProcessInitializeOnLoadAttributes (488ms)
			ProcessInitializeOnLoadMethodAttributes (166ms)
			AfterProcessingInitializeOnLoad (1ms)
			EditorAssembliesLoaded (1ms)
		ExecutionOrderSort2 (0ms)
		AwakeInstancesAfterBackupRestoration (8ms)
WARNING: Shader Unsupported: 'Hidden/Simulation/URP/Synthetic' - All subshaders removed
WARNING: Shader Did you use #pragma only_renderers and omit this platform?
WARNING: Shader If subshaders removal was intentional, you may have forgotten turning Fallback off?
WARNING: Shader Unsupported: 'Hidden/Simulation/URP/Synthetic' - All subshaders removed
WARNING: Shader Did you use #pragma only_renderers and omit this platform?
WARNING: Shader If subshaders removal was intentional, you may have forgotten turning Fallback off?
WARNING: Shader Unsupported: 'Hidden/Simulation/Synthetic Lit' - All subshaders removed
WARNING: Shader Did you use #pragma only_renderers and omit this platform?
WARNING: Shader If subshaders removal was intentional, you may have forgotten turning Fallback off?
WARNING: Shader Unsupported: 'Hidden/Simulation/Synthetic Lit' - All subshaders removed
WARNING: Shader Did you use #pragma only_renderers and omit this platform?
WARNING: Shader If subshaders removal was intentional, you may have forgotten turning Fallback off?
WARNING: Shader Unsupported: 'Simulation/Standard Lit' - All subshaders removed
WARNING: Shader Did you use #pragma only_renderers and omit this platform?
WARNING: Shader If subshaders removal was intentional, you may have forgotten turning Fallback off?
WARNING: Shader Unsupported: 'Simulation/Standard Lit' - All subshaders removed
WARNING: Shader Did you use #pragma only_renderers and omit this platform?
WARNING: Shader If subshaders removal was intentional, you may have forgotten turning Fallback off?
WARNING: Shader Unsupported: 'Universal Render Pipeline/VR/SpatialMapping/Wireframe' - All subshaders removed
WARNING: Shader Did you use #pragma only_renderers and omit this platform?
WARNING: Shader If subshaders removal was intentional, you may have forgotten turning Fallback off?
WARNING: Shader Unsupported: 'Universal Render Pipeline/VR/SpatialMapping/Wireframe' - All subshaders removed
WARNING: Shader Did you use #pragma only_renderers and omit this platform?
WARNING: Shader If subshaders removal was intentional, you may have forgotten turning Fallback off?
WARNING: Shader Unsupported: 'Simulation/URP/Room X-Ray' - All subshaders removed
WARNING: Shader Did you use #pragma only_renderers and omit this platform?
WARNING: Shader If subshaders removal was intentional, you may have forgotten turning Fallback off?
WARNING: Shader Unsupported: 'Simulation/URP/Room X-Ray' - All subshaders removed
WARNING: Shader Did you use #pragma only_renderers and omit this platform?
WARNING: Shader If subshaders removal was intentional, you may have forgotten turning Fallback off?
WARNING: Shader Unsupported: 'Simulation/Room X-Ray' - All subshaders removed
WARNING: Shader Did you use #pragma only_renderers and omit this platform?
WARNING: Shader If subshaders removal was intentional, you may have forgotten turning Fallback off?
WARNING: Shader Unsupported: 'Simulation/Room X-Ray' - All subshaders removed
WARNING: Shader Did you use #pragma only_renderers and omit this platform?
WARNING: Shader If subshaders removal was intentional, you may have forgotten turning Fallback off?
WARNING: Shader Unsupported: 'Simulation/URP/Lit' - All subshaders removed
WARNING: Shader Did you use #pragma only_renderers and omit this platform?
WARNING: Shader If subshaders removal was intentional, you may have forgotten turning Fallback off?
WARNING: Shader Unsupported: 'Simulation/URP/Lit' - All subshaders removed
WARNING: Shader Did you use #pragma only_renderers and omit this platform?
WARNING: Shader If subshaders removal was intentional, you may have forgotten turning Fallback off?
Refreshing native plugins compatible for Editor in 6.42 ms, found 10 plugins.
Preloading 0 native plugins for Editor in 0.00 ms.
Unloading 23 Unused Serialized files (Serialized files now loaded: 0)
Unloading 6625 unused Assets / (5.0 MB). Loaded Objects now: 7436.
Memory consumption went from 233.1 MB to 228.2 MB.
Total: 20.123333 ms (FindLiveObjects: 1.345625 ms CreateObjectMapping: 0.449000 ms MarkObjects: 14.920375 ms  DeleteObjects: 3.408042 ms)

Prepare: number of updated asset objects reloaded= 0
========================================================================
Received Import Request.
  Time since last request: 500.210877 seconds.
  path: Assets/Materials/Construção/BlackWallPaint.mat
  artifactKey: Guid(7061adcda182448d68955179964bed7a) Importer(815301076,1909f56bfc062723c751e8b465ee728b)
Start importing Assets/Materials/Construção/BlackWallPaint.mat using Guid(7061adcda182448d68955179964bed7a) Importer(815301076,1909f56bfc062723c751e8b465ee728b) (PreviewImporter) -> (artifact id: '0090089cef25f5ebebcc92aea6a599e2') in 0.291297208 seconds
Number of updated asset objects reloaded before import = 0Number of asset objects unloaded after import = 1

========================================================================
Received Import Request.
  Time since last request: 0.000106 seconds.
  path: Assets/Materials/Construção/Glass.mat
  artifactKey: Guid(59b4c3257b30e0796850e997b758aa86) Importer(815301076,1909f56bfc062723c751e8b465ee728b)
Start importing Assets/Materials/Construção/Glass.mat using Guid(59b4c3257b30e0796850e997b758aa86) Importer(815301076,1909f56bfc062723c751e8b465ee728b) (PreviewImporter) -> (artifact id: '35b0815e81bcef28322467e5030d35a7') in 0.00488575 seconds
Number of updated asset objects reloaded before import = 0Number of asset objects unloaded after import = 1

========================================================================
Received Import Request.
  Time since last request: 0.000032 seconds.
  path: Assets/Materials/Construção/Glass 1.mat
  artifactKey: Guid(9414c0c25cb7bff6bbf154da7b7b3097) Importer(815301076,1909f56bfc062723c751e8b465ee728b)
Start importing Assets/Materials/Construção/Glass 1.mat using Guid(9414c0c25cb7bff6bbf154da7b7b3097) Importer(815301076,1909f56bfc062723c751e8b465ee728b) (PreviewImporter) -> (artifact id: 'd74359ab2a8beb82aa3e4af3c8c473bf') in 0.011989917 seconds
Number of updated asset objects reloaded before import = 0Number of asset objects unloaded after import = 1

========================================================================
Received Import Request.
  Time since last request: 0.000048 seconds.
  path: Assets/Materials/Construção/Grafismos.mat
  artifactKey: Guid(a421a9c8f5d3c84819d4b31993142cc0) Importer(815301076,1909f56bfc062723c751e8b465ee728b)
Start importing Assets/Materials/Construção/Grafismos.mat using Guid(a421a9c8f5d3c84819d4b31993142cc0) Importer(815301076,1909f56bfc062723c751e8b465ee728b) (PreviewImporter) -> (artifact id: 'cfab8c5bb135bb5ca5776b0ac3e5c370') in 0.008374709 seconds
Number of updated asset objects reloaded before import = 0Number of asset objects unloaded after import = 2

========================================================================
Received Import Request.
  Time since last request: 0.296205 seconds.
  path: Assets/Materials/Estatuas/Camões.mp3
  artifactKey: Guid(c51563971498746e0a479385ae6a3a2a) Importer(815301076,1909f56bfc062723c751e8b465ee728b)
Start importing Assets/Materials/Estatuas/Camões.mp3 using Guid(c51563971498746e0a479385ae6a3a2a) Importer(815301076,1909f56bfc062723c751e8b465ee728b) (PreviewImporter) -> (artifact id: 'ef7178ee0425ef515c016c2f01c33f25') in 0.027189416 seconds
Number of updated asset objects reloaded before import = 0Number of asset objects unloaded after import = 2

========================================================================
Received Import Request.
  Time since last request: 0.000051 seconds.
  path: Assets/Materials/Estatuas/Gesso.mat
  artifactKey: Guid(699f4e91b16e746fdafc820e3a50c1c3) Importer(815301076,1909f56bfc062723c751e8b465ee728b)
Start importing Assets/Materials/Estatuas/Gesso.mat using Guid(699f4e91b16e746fdafc820e3a50c1c3) Importer(815301076,1909f56bfc062723c751e8b465ee728b) (PreviewImporter) -> (artifact id: 'af7caba698dee252464fee167860a992') in 0.014340167 seconds
Number of updated asset objects reloaded before import = 0Number of asset objects unloaded after import = 2

========================================================================
Received Import Request.
  Time since last request: 7.889160 seconds.
  path: Assets/Materials/Molduras/MolduraDPedro 1.mat
  artifactKey: Guid(8fc3c009c044407468a4b506757eac55) Importer(815301076,1909f56bfc062723c751e8b465ee728b)
Start importing Assets/Materials/Molduras/MolduraDPedro 1.mat using Guid(8fc3c009c044407468a4b506757eac55) Importer(815301076,1909f56bfc062723c751e8b465ee728b) (PreviewImporter) -> (artifact id: '0ada08330b4a0015ee0a07637b3877c2') in 0.016876292 seconds
Number of updated asset objects reloaded before import = 0Number of asset objects unloaded after import = 2

========================================================================
Received Import Request.
  Time since last request: 0.000067 seconds.
  path: Assets/Materials/Molduras/test.mat
  artifactKey: Guid(9e7ad7ad049f888e0b6201bcf255da6a) Importer(815301076,1909f56bfc062723c751e8b465ee728b)
Start importing Assets/Materials/Molduras/test.mat using Guid(9e7ad7ad049f888e0b6201bcf255da6a) Importer(815301076,1909f56bfc062723c751e8b465ee728b) (PreviewImporter) -> (artifact id: '9a6dc1b04c9dcefab49e3c8856b83d96') in 0.004999083 seconds
Number of updated asset objects reloaded before import = 0Number of asset objects unloaded after import = 1

========================================================================
Received Import Request.
  Time since last request: 0.000038 seconds.
  path: Assets/Materials/Molduras/Textura.mat
  artifactKey: Guid(a4325261d7e394e17a8456f42309dc79) Importer(815301076,1909f56bfc062723c751e8b465ee728b)
Start importing Assets/Materials/Molduras/Textura.mat using Guid(a4325261d7e394e17a8456f42309dc79) Importer(815301076,1909f56bfc062723c751e8b465ee728b) (PreviewImporter) -> (artifact id: 'e6453c1717d6605f709b58dfba04101c') in 0.015507458 seconds
Number of updated asset objects reloaded before import = 0Number of asset objects unloaded after import = 2

========================================================================
Received Import Request.
  Time since last request: 0.317304 seconds.
  path: Assets/Materials/Peças/Peça_01.mat
  artifactKey: Guid(8044ef61046744cffac6c99be04373ae) Importer(815301076,1909f56bfc062723c751e8b465ee728b)
Start importing Assets/Materials/Peças/Peça_01.mat using Guid(8044ef61046744cffac6c99be04373ae) Importer(815301076,1909f56bfc062723c751e8b465ee728b) (PreviewImporter) -> (artifact id: 'b8edd31b5fdcc9e99a245f7578e6473a') in 0.006686125 seconds
Number of updated asset objects reloaded before import = 0Number of asset objects unloaded after import = 2

========================================================================
Received Import Request.
  Time since last request: 0.000039 seconds.
  path: Assets/Materials/Peças/Peça_05.mat
  artifactKey: Guid(c9303be5c20b74b67abb90f56c7e8c2f) Importer(815301076,1909f56bfc062723c751e8b465ee728b)
Start importing Assets/Materials/Peças/Peça_05.mat using Guid(c9303be5c20b74b67abb90f56c7e8c2f) Importer(815301076,1909f56bfc062723c751e8b465ee728b) (PreviewImporter) -> (artifact id: '5158d62a53806dfcb72fe75e7079f2ff') in 0.005941958 seconds
Number of updated asset objects reloaded before import = 0Number of asset objects unloaded after import = 2

========================================================================
Received Import Request.
  Time since last request: 0.000050 seconds.
  path: Assets/Materials/Peças/Peça_25.mat
  artifactKey: Guid(5ca803c9adc504acaa6cd0230eb343b3) Importer(815301076,1909f56bfc062723c751e8b465ee728b)
Start importing Assets/Materials/Peças/Peça_25.mat using Guid(5ca803c9adc504acaa6cd0230eb343b3) Importer(815301076,1909f56bfc062723c751e8b465ee728b) (PreviewImporter) -> (artifact id: '0d3f9a890b7f28e35388808dceb4eb41') in 0.008078167 seconds
Number of updated asset objects reloaded before import = 0Number of asset objects unloaded after import = 2

========================================================================
Received Import Request.
  Time since last request: 0.000047 seconds.
  path: Assets/Materials/Peças/Peça_02.mat
  artifactKey: Guid(becc981252d4d4a39b77ea48cdc17549) Importer(815301076,1909f56bfc062723c751e8b465ee728b)
Start importing Assets/Materials/Peças/Peça_02.mat using Guid(becc981252d4d4a39b77ea48cdc17549) Importer(815301076,1909f56bfc062723c751e8b465ee728b) (PreviewImporter) -> (artifact id: 'f16d7b1d2a29fb238b588812eba151df') in 0.006201584 seconds
Number of updated asset objects reloaded before import = 0Number of asset objects unloaded after import = 2

========================================================================
Received Import Request.
  Time since last request: 0.000048 seconds.
  path: Assets/Materials/Peças/Peça_18.mat
  artifactKey: Guid(384820e1659cb44d58af94848b2b93e2) Importer(815301076,1909f56bfc062723c751e8b465ee728b)
Start importing Assets/Materials/Peças/Peça_18.mat using Guid(384820e1659cb44d58af94848b2b93e2) Importer(815301076,1909f56bfc062723c751e8b465ee728b) (PreviewImporter) -> (artifact id: 'ba9a09e5bc67298460bc91915ce805d3') in 0.005998458 seconds
Number of updated asset objects reloaded before import = 0Number of asset objects unloaded after import = 2

========================================================================
Received Import Request.
  Time since last request: 0.000044 seconds.
  path: Assets/Materials/Peças/Peça_17.mat
  artifactKey: Guid(2771959a893ea400fa5990d35b6fe95a) Importer(815301076,1909f56bfc062723c751e8b465ee728b)
Start importing Assets/Materials/Peças/Peça_17.mat using Guid(2771959a893ea400fa5990d35b6fe95a) Importer(815301076,1909f56bfc062723c751e8b465ee728b) (PreviewImporter) -> (artifact id: 'cf97be166b838cf242ea5900ac9420ce') in 0.007442125 seconds
Number of updated asset objects reloaded before import = 0Number of asset objects unloaded after import = 2

========================================================================
Received Import Request.
  Time since last request: 0.000052 seconds.
  path: Assets/Materials/Peças/Peça_21.mat
  artifactKey: Guid(80ef94fd718524ba4bc37bdb3700472d) Importer(815301076,1909f56bfc062723c751e8b465ee728b)
Start importing Assets/Materials/Peças/Peça_21.mat using Guid(80ef94fd718524ba4bc37bdb3700472d) Importer(815301076,1909f56bfc062723c751e8b465ee728b) (PreviewImporter) -> (artifact id: 'e4e287fc57e6a10c3c9bb341670e0387') in 0.008738917 seconds
Number of updated asset objects reloaded before import = 0Number of asset objects unloaded after import = 2

========================================================================
Received Import Request.
  Time since last request: 0.000044 seconds.
  path: Assets/Materials/Peças/Peça_20.mat
  artifactKey: Guid(c4e430f419f23445184a876fec9015c9) Importer(815301076,1909f56bfc062723c751e8b465ee728b)
Start importing Assets/Materials/Peças/Peça_20.mat using Guid(c4e430f419f23445184a876fec9015c9) Importer(815301076,1909f56bfc062723c751e8b465ee728b) (PreviewImporter) -> (artifact id: '2c8d0296d98a5894c55ba780a4372304') in 0.0120305 seconds
Number of updated asset objects reloaded before import = 0Number of asset objects unloaded after import = 2

========================================================================
Received Import Request.
  Time since last request: 0.000038 seconds.
  path: Assets/Materials/Peças/Peça_15.mat
  artifactKey: Guid(f980a67aaad964452aac6232633ef730) Importer(815301076,1909f56bfc062723c751e8b465ee728b)
Start importing Assets/Materials/Peças/Peça_15.mat using Guid(f980a67aaad964452aac6232633ef730) Importer(815301076,1909f56bfc062723c751e8b465ee728b) (PreviewImporter) -> (artifact id: '9627b85d56c8b5405974b3e81bcdd905') in 0.010639334 seconds
Number of updated asset objects reloaded before import = 0Number of asset objects unloaded after import = 2

========================================================================
Received Import Request.
  Time since last request: 0.000053 seconds.
  path: Assets/Materials/Peças/Peça_03.mat
  artifactKey: Guid(f62c4973e0d6f494ea3b0175bb3cd2dc) Importer(815301076,1909f56bfc062723c751e8b465ee728b)
Start importing Assets/Materials/Peças/Peça_03.mat using Guid(f62c4973e0d6f494ea3b0175bb3cd2dc) Importer(815301076,1909f56bfc062723c751e8b465ee728b) (PreviewImporter) -> (artifact id: 'dd20b2ac89fc5a7daf4d0064bbf7b391') in 0.007304417 seconds
Number of updated asset objects reloaded before import = 0Number of asset objects unloaded after import = 2

========================================================================
Received Import Request.
  Time since last request: 0.000047 seconds.
  path: Assets/Materials/Peças/Peça_22.mat
  artifactKey: Guid(06ba058d87cae4de69228c77fc9c09c8) Importer(815301076,1909f56bfc062723c751e8b465ee728b)
Start importing Assets/Materials/Peças/Peça_22.mat using Guid(06ba058d87cae4de69228c77fc9c09c8) Importer(815301076,1909f56bfc062723c751e8b465ee728b) (PreviewImporter) -> (artifact id: 'd211f69d39c8cde7a5e61f095445ebf7') in 0.006905708 seconds
Number of updated asset objects reloaded before import = 0Number of asset objects unloaded after import = 2

========================================================================
Received Import Request.
  Time since last request: 0.000033 seconds.
  path: Assets/Materials/Peças/Peça_23.mat
  artifactKey: Guid(462309299a4794f07a569660e0a17804) Importer(815301076,1909f56bfc062723c751e8b465ee728b)
Start importing Assets/Materials/Peças/Peça_23.mat using Guid(462309299a4794f07a569660e0a17804) Importer(815301076,1909f56bfc062723c751e8b465ee728b) (PreviewImporter) -> (artifact id: '970515c9f4d0f4407f0156f82591a75f') in 0.00856075 seconds
Number of updated asset objects reloaded before import = 0Number of asset objects unloaded after import = 2

========================================================================
Received Import Request.
  Time since last request: 0.000052 seconds.
  path: Assets/Materials/Peças/Peça_08.mat
  artifactKey: Guid(fd7d792a20e654ee8bf3dc4e323e0859) Importer(815301076,1909f56bfc062723c751e8b465ee728b)
Start importing Assets/Materials/Peças/Peça_08.mat using Guid(fd7d792a20e654ee8bf3dc4e323e0859) Importer(815301076,1909f56bfc062723c751e8b465ee728b) (PreviewImporter) -> (artifact id: 'c1a3ba6151193faeb27fc7a79290942e') in 0.006808041 seconds
Number of updated asset objects reloaded before import = 0Number of asset objects unloaded after import = 2

========================================================================
Received Import Request.
  Time since last request: 0.000063 seconds.
  path: Assets/Materials/Peças/Peça_06.mat
  artifactKey: Guid(8d738f4243f864845bd58e4fee0bd28f) Importer(815301076,1909f56bfc062723c751e8b465ee728b)
Start importing Assets/Materials/Peças/Peça_06.mat using Guid(8d738f4243f864845bd58e4fee0bd28f) Importer(815301076,1909f56bfc062723c751e8b465ee728b) (PreviewImporter) -> (artifact id: '4aedf738a044b52f70545645a577530d') in 0.005930875 seconds
Number of updated asset objects reloaded before import = 0Number of asset objects unloaded after import = 2

========================================================================
Received Import Request.
  Time since last request: 0.252674 seconds.
  path: Assets/Materials/Pinturas/Painting.mat
  artifactKey: Guid(cf5e53558d82151778639ab87fc96e0e) Importer(815301076,1909f56bfc062723c751e8b465ee728b)
Start importing Assets/Materials/Pinturas/Painting.mat using Guid(cf5e53558d82151778639ab87fc96e0e) Importer(815301076,1909f56bfc062723c751e8b465ee728b) (PreviewImporter) -> (artifact id: '1352c610dd7e003bc4130d3a3a42e768') in 0.005594375 seconds
Number of updated asset objects reloaded before import = 0Number of asset objects unloaded after import = 3

========================================================================
Received Import Request.
  Time since last request: 317.075347 seconds.
  path: Assets/Materials/Pinturas/Sala2/Alegoria.mat
  artifactKey: Guid(1a6d2407a469fc4e0b6512b52a0ab32f) Importer(815301076,1909f56bfc062723c751e8b465ee728b)
Start importing Assets/Materials/Pinturas/Sala2/Alegoria.mat using Guid(1a6d2407a469fc4e0b6512b52a0ab32f) Importer(815301076,1909f56bfc062723c751e8b465ee728b) (PreviewImporter) -> (artifact id: 'a1820fcaaa76d4cdac4f2a4dcb2bb0b5') in 0.048038542 seconds
Number of updated asset objects reloaded before import = 0Number of asset objects unloaded after import = 2

========================================================================
Received Import Request.
  Time since last request: 0.000072 seconds.
  path: Assets/Materials/Pinturas/Sala2/FugaMargarida.mat
  artifactKey: Guid(bfb4b0502b3905db791e41c759761d4b) Importer(815301076,1909f56bfc062723c751e8b465ee728b)
Start importing Assets/Materials/Pinturas/Sala2/FugaMargarida.mat using Guid(bfb4b0502b3905db791e41c759761d4b) Importer(815301076,1909f56bfc062723c751e8b465ee728b) (PreviewImporter) -> (artifact id: '96fbc49e6353dadf62053ea246719175') in 0.008536333 seconds
Number of updated asset objects reloaded before import = 0Number of asset objects unloaded after import = 2

========================================================================
Received Import Request.
  Time since last request: 0.352664 seconds.
  path: Assets/Materials/Pinturas/Sala3/DMariana.mat
  artifactKey: Guid(cdeba36dca7685b72b0c9e00276c7ac7) Importer(815301076,1909f56bfc062723c751e8b465ee728b)
Start importing Assets/Materials/Pinturas/Sala3/DMariana.mat using Guid(cdeba36dca7685b72b0c9e00276c7ac7) Importer(815301076,1909f56bfc062723c751e8b465ee728b) (PreviewImporter) -> (artifact id: '8662a0eaa0677dec0cce16ad0d7d50cf') in 0.021843875 seconds
Number of updated asset objects reloaded before import = 0Number of asset objects unloaded after import = 2

========================================================================
Received Import Request.
  Time since last request: 0.000035 seconds.
  path: Assets/Materials/Pinturas/Sala3/Viscondessa.mat
  artifactKey: Guid(bb09f68bbd76c1c438db64c52e6927bd) Importer(815301076,1909f56bfc062723c751e8b465ee728b)
Start importing Assets/Materials/Pinturas/Sala3/Viscondessa.mat using Guid(bb09f68bbd76c1c438db64c52e6927bd) Importer(815301076,1909f56bfc062723c751e8b465ee728b) (PreviewImporter) -> (artifact id: '3a42a95de10918f576ac4df599b4f03a') in 0.095887125 seconds
Number of updated asset objects reloaded before import = 0Number of asset objects unloaded after import = 2

========================================================================
Received Import Request.
  Time since last request: 0.000031 seconds.
  path: Assets/Materials/Pinturas/Sala3/Joaquim.mat
  artifactKey: Guid(8930a5ff3a0be62c999a6bbef9ecd2e7) Importer(815301076,1909f56bfc062723c751e8b465ee728b)
Start importing Assets/Materials/Pinturas/Sala3/Joaquim.mat using Guid(8930a5ff3a0be62c999a6bbef9ecd2e7) Importer(815301076,1909f56bfc062723c751e8b465ee728b) (PreviewImporter) -> (artifact id: 'ed3668fe035df29d605dd5b664617776') in 0.008467417 seconds
Number of updated asset objects reloaded before import = 0Number of asset objects unloaded after import = 2

========================================================================
Received Import Request.
  Time since last request: 312.651259 seconds.
  path: Assets/Scenes/BasicScene.unity
  artifactKey: Guid(4e9fef26e6adb88479ad1b9834a32d94) Importer(2089858483,b0f066a214c2f5e87bad3c948f4d605d)
Start importing Assets/Scenes/BasicScene.unity using Guid(4e9fef26e6adb88479ad1b9834a32d94) Importer(2089858483,b0f066a214c2f5e87bad3c948f4d605d) (ScriptedImporter) -> (artifact id: 'f3a8f0c70c897ccb402c3e726eca2b7d') in 0.120566083 seconds
Number of updated asset objects reloaded before import = 0Number of asset objects unloaded after import = 1

========================================================================
Received Import Request.
  Time since last request: 0.000158 seconds.
  path: Assets/Settings/Project Configuration/BasicScene.scenetemplate
  artifactKey: Guid(ca6cdc11bc902ba4c85c423630187a9b) Importer(2089858483,b0f066a214c2f5e87bad3c948f4d605d)
Start importing Assets/Settings/Project Configuration/BasicScene.scenetemplate using Guid(ca6cdc11bc902ba4c85c423630187a9b) Importer(2089858483,b0f066a214c2f5e87bad3c948f4d605d) (ScriptedImporter) -> (artifact id: '57d0e161545b175f2e0c2193e626535c') in 0.932508417 seconds
Number of updated asset objects reloaded before import = 0Number of asset objects unloaded after import = 2976

========================================================================
Received Prepare
Begin MonoManager ReloadAssembly
[Licensing::Client] Successfully resolved entitlement details
Thread 0x16b6ef000 may have been prematurely finalized
- Loaded All Assemblies, in  1.444 seconds
Refreshing native plugins compatible for Editor in 5.88 ms, found 10 plugins.
Native extension for Android target not found
Native extension for OSXStandalone target not found
Native extension for WebGL target not found
[Package Manager] Failed to launch server process. Reason: Unity was launched with the -noUpm command-line argument
[Package Manager] Unable to send message (not connected to server process).
[Package Manager] Cannot connect to Unity Package Manager local server
ScheduleIndexationOnStartup MainProcess:False IndexOnStartup:True
Mono: successfully reloaded assembly
[Package Manager] Failed to launch server process. Reason: Unity was launched with the -noUpm command-line argument
[Package Manager] Unable to send message (not connected to server process).
[Package Manager] Cannot connect to Unity Package Manager local server
- Finished resetting the current domain, in  0.887 seconds
Domain Reload Profiling: 2334ms
	BeginReloadAssembly (782ms)
		ExecutionOrderSort (0ms)
		DisableScriptedObjects (29ms)
		BackupInstance (0ms)
		ReleaseScriptingObjects (5ms)
		CreateAndSetChildDomain (237ms)
	RebuildCommonClasses (31ms)
	RebuildNativeTypeToScriptingClass (11ms)
	initialDomainReloadingComplete (26ms)
	LoadAllAssembliesAndSetupDomain (598ms)
		LoadAssemblies (726ms)
		RebuildTransferFunctionScriptingTraits (0ms)
		AnalyzeDomain (222ms)
			TypeCache.Refresh (13ms)
				TypeCache.ScanAssembly (0ms)
			BuildScriptInfoCaches (193ms)
			ResolveRequiredComponents (11ms)
	FinalizeReload (888ms)
		ReleaseScriptCaches (0ms)
		RebuildScriptCaches (0ms)
		SetupLoadedEditorAssemblies (748ms)
			LogAssemblyErrors (0ms)
			InitializePlatformSupportModulesInManaged (6ms)
			SetLoadedEditorAssemblies (5ms)
			BeforeProcessingInitializeOnLoad (102ms)
			ProcessInitializeOnLoadAttributes (497ms)
			ProcessInitializeOnLoadMethodAttributes (137ms)
			AfterProcessingInitializeOnLoad (1ms)
			EditorAssembliesLoaded (0ms)
		ExecutionOrderSort2 (0ms)
		AwakeInstancesAfterBackupRestoration (8ms)
WARNING: Shader Unsupported: 'Hidden/Simulation/URP/Synthetic' - All subshaders removed
WARNING: Shader Did you use #pragma only_renderers and omit this platform?
WARNING: Shader If subshaders removal was intentional, you may have forgotten turning Fallback off?
WARNING: Shader Unsupported: 'Hidden/Simulation/URP/Synthetic' - All subshaders removed
WARNING: Shader Did you use #pragma only_renderers and omit this platform?
WARNING: Shader If subshaders removal was intentional, you may have forgotten turning Fallback off?
WARNING: Shader Unsupported: 'Hidden/Simulation/Synthetic Lit' - All subshaders removed
WARNING: Shader Did you use #pragma only_renderers and omit this platform?
WARNING: Shader If subshaders removal was intentional, you may have forgotten turning Fallback off?
WARNING: Shader Unsupported: 'Hidden/Simulation/Synthetic Lit' - All subshaders removed
WARNING: Shader Did you use #pragma only_renderers and omit this platform?
WARNING: Shader If subshaders removal was intentional, you may have forgotten turning Fallback off?
WARNING: Shader Unsupported: 'Simulation/Standard Lit' - All subshaders removed
WARNING: Shader Did you use #pragma only_renderers and omit this platform?
WARNING: Shader If subshaders removal was intentional, you may have forgotten turning Fallback off?
WARNING: Shader Unsupported: 'Simulation/Standard Lit' - All subshaders removed
WARNING: Shader Did you use #pragma only_renderers and omit this platform?
WARNING: Shader If subshaders removal was intentional, you may have forgotten turning Fallback off?
WARNING: Shader Unsupported: 'Universal Render Pipeline/VR/SpatialMapping/Wireframe' - All subshaders removed
WARNING: Shader Did you use #pragma only_renderers and omit this platform?
WARNING: Shader If subshaders removal was intentional, you may have forgotten turning Fallback off?
WARNING: Shader Unsupported: 'Universal Render Pipeline/VR/SpatialMapping/Wireframe' - All subshaders removed
WARNING: Shader Did you use #pragma only_renderers and omit this platform?
WARNING: Shader If subshaders removal was intentional, you may have forgotten turning Fallback off?
WARNING: Shader Unsupported: 'Simulation/URP/Room X-Ray' - All subshaders removed
WARNING: Shader Did you use #pragma only_renderers and omit this platform?
WARNING: Shader If subshaders removal was intentional, you may have forgotten turning Fallback off?
WARNING: Shader Unsupported: 'Simulation/URP/Room X-Ray' - All subshaders removed
WARNING: Shader Did you use #pragma only_renderers and omit this platform?
WARNING: Shader If subshaders removal was intentional, you may have forgotten turning Fallback off?
WARNING: Shader Unsupported: 'Simulation/Room X-Ray' - All subshaders removed
WARNING: Shader Did you use #pragma only_renderers and omit this platform?
WARNING: Shader If subshaders removal was intentional, you may have forgotten turning Fallback off?
WARNING: Shader Unsupported: 'Simulation/Room X-Ray' - All subshaders removed
WARNING: Shader Did you use #pragma only_renderers and omit this platform?
WARNING: Shader If subshaders removal was intentional, you may have forgotten turning Fallback off?
WARNING: Shader Unsupported: 'Simulation/URP/Lit' - All subshaders removed
WARNING: Shader Did you use #pragma only_renderers and omit this platform?
WARNING: Shader If subshaders removal was intentional, you may have forgotten turning Fallback off?
WARNING: Shader Unsupported: 'Simulation/URP/Lit' - All subshaders removed
WARNING: Shader Did you use #pragma only_renderers and omit this platform?
WARNING: Shader If subshaders removal was intentional, you may have forgotten turning Fallback off?
Refreshing native plugins compatible for Editor in 5.90 ms, found 10 plugins.
Preloading 0 native plugins for Editor in 0.00 ms.
Unloading 23 Unused Serialized files (Serialized files now loaded: 0)
Unloading 6624 unused Assets / (5.1 MB). Loaded Objects now: 7492.
Memory consumption went from 205.8 MB to 200.7 MB.
Total: 25.129417 ms (FindLiveObjects: 0.691917 ms CreateObjectMapping: 0.424958 ms MarkObjects: 20.568834 ms  DeleteObjects: 3.443334 ms)

Prepare: number of updated asset objects reloaded= 0
