Unity Editor version:    6000.3.10f1 (e35f0c77bd8e)
Branch:                  6000.3/staging
Build type:              Release
Batch mode:              YES
macOS version:           Version 26.4.1 (Build 25E253)
Darwin version:          25.4.0
Architecture:            arm64
Running under Rosetta:   NO
Available memory:        8192 MB
Date:                    2026-05-14T20:05:15Z
[Licensing::Module] Trying to connect to existing licensing client channel...
[Licensing::IpcConnector] Successfully connected to: "LicenseClient-catarinasousa" at "2026-05-14T20:05:15.520916Z"

COMMAND LINE ARGUMENTS:
/Applications/Unity/Hub/Editor/6000.3.10f1/Unity.app/Contents/MacOS/Unity
-adb2
-batchMode
-noUpm
-name
AssetImportWorker0
-projectPath
/Users/catarinasousa/Projetos/PI/VR
-logFile
Logs/AssetImportWorker0.log
-srvPort
62499
-licensingIpc
LicenseClient-catarinasousa
-job-worker-count
3
-background-job-worker-count
8
-gc-helper-count
1
-name AssetImport
Successfully changed project path to: /Users/catarinasousa/Projetos/PI/VR
/Users/catarinasousa/Projetos/PI/VR
[UnityMemory] Configuration Parameters - Can be set up in boot.config
    "memorysetup-allocator-temp-initial-block-size-main=262144"
    "memorysetup-allocator-temp-initial-block-size-worker=262144"
    "memorysetup-temp-allocator-size-background-worker=32768"
    "memorysetup-temp-allocator-size-job-worker=262144"
    "memorysetup-temp-allocator-size-preload-manager=33554432"
    "memorysetup-temp-allocator-size-nav-mesh-worker=65536"
    "memorysetup-temp-allocator-size-audio-worker=65536"
    "memorysetup-temp-allocator-size-cloud-worker=32768"
    "memorysetup-bucket-allocator-granularity=16"
    "memorysetup-bucket-allocator-bucket-count=8"
    "memorysetup-bucket-allocator-block-size=33554432"
    "memorysetup-bucket-allocator-block-count=8"
    "memorysetup-main-allocator-block-size=16777216"
    "memorysetup-thread-allocator-block-size=16777216"
    "memorysetup-gfx-main-allocator-block-size=16777216"
    "memorysetup-gfx-thread-allocator-block-size=16777216"
    "memorysetup-cache-allocator-block-size=4194304"
    "memorysetup-typetree-allocator-block-size=2097152"
    "memorysetup-profiler-bucket-allocator-granularity=16"
    "memorysetup-profiler-bucket-allocator-bucket-count=8"
    "memorysetup-profiler-bucket-allocator-block-size=33554432"
    "memorysetup-profiler-bucket-allocator-block-count=8"
    "memorysetup-profiler-allocator-block-size=16777216"
    "memorysetup-profiler-editor-allocator-block-size=1048576"
    "memorysetup-temp-allocator-size-main=16777216"
    "memorysetup-job-temp-allocator-block-size=2097152"
    "memorysetup-job-temp-allocator-block-size-background=1048576"
    "memorysetup-job-temp-allocator-reduction-small-platforms=262144"
    "memorysetup-temp-allocator-size-gi-baking-worker=262144"
    "memorysetup-temp-allocator-size-gi-baking-worker=262144"
    "memorysetup-temp-allocator-size-gi-baking-worker=262144"
    "memorysetup-temp-allocator-size-gi-baking-worker=262144"
    "memorysetup-temp-allocator-size-gi-baking-worker=262144"
    "memorysetup-temp-allocator-size-gfx=262144"
Player connection [8309872832]  Target information:

Player connection [8309872832]  * "[IP] 192.168.1.79 [Port] 0 [Flags] 2 [Guid] 3970030290 [EditorId] 3970030290 [Version] 1048832 [Id] OSXEditor(0,MacBook-Pro-de-Catarina-5.local) [Debug] 1 [PackageName] OSXEditor [ProjectName] Editor" 

Player connection [8309872832] Host joined multi-casting on [225.0.0.222:54997]...
Player connection [8309872832] Host joined alternative multi-casting on [225.0.0.222:34997]...
JobSystem: Creating JobQueue using job-worker-count value 3
Input System module state changed to: Initialized.
[Physics::Module] Initialized fallback backend.
[Physics::Module] Id: 0xdecafbad
Library Redirect Path: Library/
[Physics::Module] Selected backend.
[Physics::Module] Name: PhysX
[Physics::Module] Id: 0xf2b8ea05
[Physics::Module] SDK Version: 4.1.2
[Physics::Module] Integration Version: 1.0.0
[Physics::Module] Threading Mode: Multi-Threaded
Refreshing native plugins compatible for Editor in 85.55 ms, found 10 plugins.
Preloading 0 native plugins for Editor in 0.00 ms.
Initialize engine version: 6000.3.10f1 (e35f0c77bd8e)
[Subsystems] Discovering subsystems at path /Applications/Unity/Hub/Editor/6000.3.10f1/Unity.app/Contents/Resources/UnitySubsystems
[Subsystems] Discovering subsystems at path /Users/catarinasousa/Projetos/PI/VR/Assets
GfxDevice: creating device client; kGfxThreadingModeNonThreaded
 preferred device: Apple M2 (high power)
Metal devices available: 1
0: Apple M2 (high power)
Using device Apple M2 (high power)
Initializing Metal device caps: Apple M2
Mac GPU Family: 2
Apple GPU Family: 8
MSL Version: 3.0
Has Float MSAA: 1
Has Float Filtering: 1
ReadWrite Texture Tier: 2
Initialize mono
Mono path[0] = '/Applications/Unity/Hub/Editor/6000.3.10f1/Unity.app/Contents/Resources/Scripting/Managed'
Mono path[1] = '/Applications/Unity/Hub/Editor/6000.3.10f1/Unity.app/Contents/Resources/Scripting/MonoBleedingEdge/lib/mono/unityjit-macos'
Mono config path = '/Applications/Unity/Hub/Editor/6000.3.10f1/Unity.app/Contents/Resources/Scripting/MonoBleedingEdge/etc'
Using monoOptions --debugger-agent=transport=dt_socket,embedding=1,server=y,suspend=n,address=127.0.0.1:56891
[Licensing::Client] Handshaking with LicensingClient:
  Version:                 1.17.4+4293ba1
  Session Id:              927d8e1967a4495fb672c2a48ee981b5
  Correlation Id:          558cab5e020d1a0cb6819b378db7a7a2
  External correlation Id: 491241787322417372
  Machine Id:              jydJbijFCNYDUZAn/Y+gCTsP0+w=
[Licensing::Module] Successfully connected to LicensingClient on channel: "LicenseClient-catarinasousa" (connect: 0.00s, validation: 0.00s, handshake: 0.86s)
[Licensing::IpcConnector] Successfully connected to: "LicenseClient-catarinasousa-notifications" at "2026-05-14T20:05:16.381403Z"
[Licensing::Module] Licensing Background thread has ended after 0.86s
Begin MonoManager ReloadAssembly
Registering precompiled unity dll's ...
Register platform support module: /Applications/Unity/Hub/Editor/6000.3.10f1/PlaybackEngines/WebGLSupport/UnityEditor.WebGL.Extensions.dll
Register platform support module: /Applications/Unity/Hub/Editor/6000.3.10f1/Unity.app/Contents/PlaybackEngines/MacStandaloneSupport/UnityEditor.OSXStandalone.Extensions.dll
[Licensing::Client] Successfully resolved entitlement details
[Licensing::Module] License group:
  Id: 6872812109838-catarinasousa-UnityProStuXXXX
  Product: Unity Student
  Type: Assigned
  Expiration: 2027-03-03T17:32:29Z
Register platform support module: /Applications/Unity/Hub/Editor/6000.3.10f1/PlaybackEngines/AndroidPlayer/UnityEditor.Android.Extensions.dll
Registered in 0.008260 seconds.
- Loaded All Assemblies, in  0.408 seconds
Native extension for Android target not found
Android Extension - Scanning For ADB Devices 3229 ms
Native extension for OSXStandalone target not found
Native extension for WebGL target not found
ScheduleIndexationOnStartup MainProcess:False IndexOnStartup:True
Mono: successfully reloaded assembly
- Finished resetting the current domain, in  3.534 seconds
Domain Reload Profiling: 3942ms
	BeginReloadAssembly (133ms)
		ExecutionOrderSort (0ms)
		DisableScriptedObjects (0ms)
		BackupInstance (0ms)
		ReleaseScriptingObjects (0ms)
		CreateAndSetChildDomain (1ms)
	RebuildCommonClasses (29ms)
	RebuildNativeTypeToScriptingClass (10ms)
	initialDomainReloadingComplete (50ms)
	LoadAllAssembliesAndSetupDomain (184ms)
		LoadAssemblies (136ms)
		RebuildTransferFunctionScriptingTraits (0ms)
		AnalyzeDomain (179ms)
			TypeCache.Refresh (177ms)
				TypeCache.ScanAssembly (130ms)
			BuildScriptInfoCaches (0ms)
			ResolveRequiredComponents (1ms)
	FinalizeReload (3534ms)
		ReleaseScriptCaches (0ms)
		RebuildScriptCaches (0ms)
		SetupLoadedEditorAssemblies (3497ms)
			LogAssemblyErrors (0ms)
			InitializePlatformSupportModulesInManaged (3297ms)
			SetLoadedEditorAssemblies (3ms)
			BeforeProcessingInitializeOnLoad (64ms)
			ProcessInitializeOnLoadAttributes (90ms)
			ProcessInitializeOnLoadMethodAttributes (42ms)
			AfterProcessingInitializeOnLoad (0ms)
			EditorAssembliesLoaded (0ms)
		ExecutionOrderSort2 (0ms)
		AwakeInstancesAfterBackupRestoration (0ms)
[CoreBusinessMetrics] Unexpected thread when updating session info.
========================================================================
Worker process is ready to serve import requests
Import Worker Mode flag is 0x00
Begin MonoManager ReloadAssembly
[Licensing::Client] Successfully resolved entitlement details
- Loaded All Assemblies, in  0.549 seconds
Refreshing native plugins compatible for Editor in 7.71 ms, found 10 plugins.
Native extension for Android target not found
Native extension for OSXStandalone target not found
Native extension for WebGL target not found
Package Manager log level set to [2]
[Package Manager] Failed to launch server process. Reason: Unity was launched with the -noUpm command-line argument
[Package Manager] Unable to send message (not connected to server process).
[Package Manager] Cannot connect to Unity Package Manager local server
ScheduleIndexationOnStartup MainProcess:False IndexOnStartup:True
Mono: successfully reloaded assembly
[Package Manager] Failed to launch server process. Reason: Unity was launched with the -noUpm command-line argument
[Package Manager] Unable to send message (not connected to server process).
[Package Manager] Cannot connect to Unity Package Manager local server
[Package Manager] Failed to launch server process. Reason: Unity was launched with the -noUpm command-line argument
[Package Manager] Unable to send message (not connected to server process).
[Package Manager] Cannot connect to Unity Package Manager local server
- Finished resetting the current domain, in  0.785 seconds
Domain Reload Profiling: 1334ms
	BeginReloadAssembly (117ms)
		ExecutionOrderSort (0ms)
		DisableScriptedObjects (3ms)
		BackupInstance (0ms)
		ReleaseScriptingObjects (0ms)
		CreateAndSetChildDomain (18ms)
	RebuildCommonClasses (26ms)
	RebuildNativeTypeToScriptingClass (10ms)
	initialDomainReloadingComplete (25ms)
	LoadAllAssembliesAndSetupDomain (370ms)
		LoadAssemblies (266ms)
		RebuildTransferFunctionScriptingTraits (0ms)
		AnalyzeDomain (170ms)
			TypeCache.Refresh (123ms)
				TypeCache.ScanAssembly (108ms)
			BuildScriptInfoCaches (36ms)
			ResolveRequiredComponents (8ms)
	FinalizeReload (785ms)
		ReleaseScriptCaches (0ms)
		RebuildScriptCaches (0ms)
		SetupLoadedEditorAssemblies (684ms)
			LogAssemblyErrors (0ms)
			InitializePlatformSupportModulesInManaged (8ms)
			SetLoadedEditorAssemblies (3ms)
			BeforeProcessingInitializeOnLoad (100ms)
			ProcessInitializeOnLoadAttributes (441ms)
			ProcessInitializeOnLoadMethodAttributes (130ms)
			AfterProcessingInitializeOnLoad (1ms)
			EditorAssembliesLoaded (0ms)
		ExecutionOrderSort2 (0ms)
		AwakeInstancesAfterBackupRestoration (2ms)
WARNING: Shader Unsupported: 'Hidden/Simulation/URP/Synthetic' - All subshaders removed
WARNING: Shader Did you use #pragma only_renderers and omit this platform?
WARNING: Shader If subshaders removal was intentional, you may have forgotten turning Fallback off?
WARNING: Shader Unsupported: 'Hidden/Simulation/URP/Synthetic' - All subshaders removed
WARNING: Shader Did you use #pragma only_renderers and omit this platform?
WARNING: Shader If subshaders removal was intentional, you may have forgotten turning Fallback off?
WARNING: Shader Unsupported: 'Hidden/Simulation/Synthetic Lit' - All subshaders removed
WARNING: Shader Did you use #pragma only_renderers and omit this platform?
WARNING: Shader If subshaders removal was intentional, you may have forgotten turning Fallback off?
WARNING: Shader Unsupported: 'Hidden/Simulation/Synthetic Lit' - All subshaders removed
WARNING: Shader Did you use #pragma only_renderers and omit this platform?
WARNING: Shader If subshaders removal was intentional, you may have forgotten turning Fallback off?
WARNING: Shader Unsupported: 'Simulation/Standard Lit' - All subshaders removed
WARNING: Shader Did you use #pragma only_renderers and omit this platform?
WARNING: Shader If subshaders removal was intentional, you may have forgotten turning Fallback off?
WARNING: Shader Unsupported: 'Simulation/Standard Lit' - All subshaders removed
WARNING: Shader Did you use #pragma only_renderers and omit this platform?
WARNING: Shader If subshaders removal was intentional, you may have forgotten turning Fallback off?
WARNING: Shader Unsupported: 'Universal Render Pipeline/VR/SpatialMapping/Wireframe' - All subshaders removed
WARNING: Shader Did you use #pragma only_renderers and omit this platform?
WARNING: Shader If subshaders removal was intentional, you may have forgotten turning Fallback off?
WARNING: Shader Unsupported: 'Universal Render Pipeline/VR/SpatialMapping/Wireframe' - All subshaders removed
WARNING: Shader Did you use #pragma only_renderers and omit this platform?
WARNING: Shader If subshaders removal was intentional, you may have forgotten turning Fallback off?
WARNING: Shader Unsupported: 'Simulation/URP/Room X-Ray' - All subshaders removed
WARNING: Shader Did you use #pragma only_renderers and omit this platform?
WARNING: Shader If subshaders removal was intentional, you may have forgotten turning Fallback off?
WARNING: Shader Unsupported: 'Simulation/URP/Room X-Ray' - All subshaders removed
WARNING: Shader Did you use #pragma only_renderers and omit this platform?
WARNING: Shader If subshaders removal was intentional, you may have forgotten turning Fallback off?
WARNING: Shader Unsupported: 'Simulation/Room X-Ray' - All subshaders removed
WARNING: Shader Did you use #pragma only_renderers and omit this platform?
WARNING: Shader If subshaders removal was intentional, you may have forgotten turning Fallback off?
WARNING: Shader Unsupported: 'Simulation/Room X-Ray' - All subshaders removed
WARNING: Shader Did you use #pragma only_renderers and omit this platform?
WARNING: Shader If subshaders removal was intentional, you may have forgotten turning Fallback off?
WARNING: Shader Unsupported: 'Simulation/URP/Lit' - All subshaders removed
WARNING: Shader Did you use #pragma only_renderers and omit this platform?
WARNING: Shader If subshaders removal was intentional, you may have forgotten turning Fallback off?
WARNING: Shader Unsupported: 'Simulation/URP/Lit' - All subshaders removed
WARNING: Shader Did you use #pragma only_renderers and omit this platform?
WARNING: Shader If subshaders removal was intentional, you may have forgotten turning Fallback off?
Launching external process: /Applications/Unity/Hub/Editor/6000.3.10f1/Unity.app/Contents/Helpers/UnityShaderCompiler
Launched and connected shader compiler UnityShaderCompiler after 0.04 seconds
Refreshing native plugins compatible for Editor in 65.38 ms, found 10 plugins.
Preloading 0 native plugins for Editor in 0.00 ms.
Unloading 23 Unused Serialized files (Serialized files now loaded: 0)
Unloading 6488 unused Assets / (6.7 MB). Loaded Objects now: 7378.
Memory consumption went from 150.5 MB to 143.8 MB.
Total: 45.384333 ms (FindLiveObjects: 3.899666 ms CreateObjectMapping: 0.844625 ms MarkObjects: 29.238542 ms  DeleteObjects: 11.401083 ms)

========================================================================
Received Import Request.
  Time since last request: 71866.493713 seconds.
  path: Assets/Materials/Pinturas/Sala2/Junot.mat
  artifactKey: Guid(d10269bb11a99e19384ba53325211991) Importer(2089858483,b0f066a214c2f5e87bad3c948f4d605d)
Start importing Assets/Materials/Pinturas/Sala2/Junot.mat using Guid(d10269bb11a99e19384ba53325211991) Importer(2089858483,b0f066a214c2f5e87bad3c948f4d605d) (ScriptedImporter) -> (artifact id: '4d49353647c57d64952fa2e5e684394c') in 0.057203417 seconds
Number of updated asset objects reloaded before import = 0Number of asset objects unloaded after import = 2

========================================================================
Received Import Request.
  Time since last request: 0.000029 seconds.
  path: Assets/Materials/Molduras/MolduraDPedro.mat
  artifactKey: Guid(aa33ee6f21ca77680a109636f8f81eb9) Importer(2089858483,b0f066a214c2f5e87bad3c948f4d605d)
Start importing Assets/Materials/Molduras/MolduraDPedro.mat using Guid(aa33ee6f21ca77680a109636f8f81eb9) Importer(2089858483,b0f066a214c2f5e87bad3c948f4d605d) (ScriptedImporter) -> (artifact id: 'e7f1b4e94c45399323851e928abacb87') in 0.0040635 seconds
Number of updated asset objects reloaded before import = 0Number of asset objects unloaded after import = 2

========================================================================
Received Import Request.
  Time since last request: 0.000094 seconds.
  path: Assets/Textures/Peças/21 - Pequena Paixão de Cristo - Deposição no Túmulo.png
  artifactKey: Guid(7bc63c8fddfaf4b679b998d5954c95bf) Importer(2089858483,b0f066a214c2f5e87bad3c948f4d605d)
Start importing Assets/Textures/Peças/21 - Pequena Paixão de Cristo - Deposição no Túmulo.png using Guid(7bc63c8fddfaf4b679b998d5954c95bf) Importer(2089858483,b0f066a214c2f5e87bad3c948f4d605d) (ScriptedImporter) -> (artifact id: '533c592df3b3c7e0bc964ad6ac1d97c4') in 0.035132375 seconds
Number of updated asset objects reloaded before import = 0Number of asset objects unloaded after import = 1

========================================================================
Received Import Request.
  Time since last request: 0.000045 seconds.
  path: Assets/Textures/Pinturas
  artifactKey: Guid(84888958e1292768a9318029ec7b99a5) Importer(2089858483,b0f066a214c2f5e87bad3c948f4d605d)
Start importing Assets/Textures/Pinturas using Guid(84888958e1292768a9318029ec7b99a5) Importer(2089858483,b0f066a214c2f5e87bad3c948f4d605d) (ScriptedImporter) -> (artifact id: '8eeb35a3d04d932f9cc27e50feca1570') in 0.002215542 seconds
Number of updated asset objects reloaded before import = 0Number of asset objects unloaded after import = 1

========================================================================
Received Import Request.
  Time since last request: 0.000030 seconds.
  path: Assets/Textures/Pinturas/Lobby/dPedroPortrait.png
  artifactKey: Guid(a5213f5109f13ce19883d5b0bff4e143) Importer(2089858483,b0f066a214c2f5e87bad3c948f4d605d)
Start importing Assets/Textures/Pinturas/Lobby/dPedroPortrait.png using Guid(a5213f5109f13ce19883d5b0bff4e143) Importer(2089858483,b0f066a214c2f5e87bad3c948f4d605d) (ScriptedImporter) -> (artifact id: '0beb99e0af368d968958f2e96a6583e2') in 0.006809333 seconds
Number of updated asset objects reloaded before import = 0Number of asset objects unloaded after import = 1

========================================================================
Received Import Request.
  Time since last request: 0.000031 seconds.
  path: Assets/Materials/Mesa
  artifactKey: Guid(36e883fc75d534b82a7ec37850b2d659) Importer(2089858483,b0f066a214c2f5e87bad3c948f4d605d)
Start importing Assets/Materials/Mesa using Guid(36e883fc75d534b82a7ec37850b2d659) Importer(2089858483,b0f066a214c2f5e87bad3c948f4d605d) (ScriptedImporter) -> (artifact id: 'cd70ade282cddd3e3deb09b3bde21ac4') in 0.001845083 seconds
Number of updated asset objects reloaded before import = 0Number of asset objects unloaded after import = 1

========================================================================
Received Import Request.
  Time since last request: 0.000049 seconds.
  path: Assets/Textures/Peças/01 - Pequena Paixão de Cristo - Cristo Despede-se de Sua Mãe.png
  artifactKey: Guid(c7c8fa2beb2694385bff7a486f14277a) Importer(2089858483,b0f066a214c2f5e87bad3c948f4d605d)
Start importing Assets/Textures/Peças/01 - Pequena Paixão de Cristo - Cristo Despede-se de Sua Mãe.png using Guid(c7c8fa2beb2694385bff7a486f14277a) Importer(2089858483,b0f066a214c2f5e87bad3c948f4d605d) (ScriptedImporter) -> (artifact id: '32d681676b84349bae33e17f96f5a8d3') in 0.007215167 seconds
Number of updated asset objects reloaded before import = 0Number of asset objects unloaded after import = 1

========================================================================
Received Import Request.
  Time since last request: 0.000043 seconds.
  path: Assets/Materials/Pinturas/Sala3/SantaIsabel.mat
  artifactKey: Guid(a2640b81bb3e0f91ab676dcb9a2c8beb) Importer(2089858483,b0f066a214c2f5e87bad3c948f4d605d)
Start importing Assets/Materials/Pinturas/Sala3/SantaIsabel.mat using Guid(a2640b81bb3e0f91ab676dcb9a2c8beb) Importer(2089858483,b0f066a214c2f5e87bad3c948f4d605d) (ScriptedImporter) -> (artifact id: '5b0baf45c2584e6e7b017da176dc4a3e') in 0.005503875 seconds
Number of updated asset objects reloaded before import = 0Number of asset objects unloaded after import = 2

========================================================================
Received Import Request.
  Time since last request: 0.000029 seconds.
  path: Assets/Museu/GeneratedBlockout.prefab
  artifactKey: Guid(0e6f70b05c6384a048df644a2274d803) Importer(2089858483,b0f066a214c2f5e87bad3c948f4d605d)
Start importing Assets/Museu/GeneratedBlockout.prefab using Guid(0e6f70b05c6384a048df644a2274d803) Importer(2089858483,b0f066a214c2f5e87bad3c948f4d605d) (ScriptedImporter) -> (artifact id: '466d4612db023f2124e08847aeba5b47') in 0.130461042 seconds
Number of updated asset objects reloaded before import = 0Number of asset objects unloaded after import = 617

========================================================================
Received Import Request.
  Time since last request: 0.000060 seconds.
  path: Assets/Textures/Molduras/MolduraPuzzle.png
  artifactKey: Guid(57ddfca8847562903a6482ef898833bf) Importer(2089858483,b0f066a214c2f5e87bad3c948f4d605d)
Start importing Assets/Textures/Molduras/MolduraPuzzle.png using Guid(57ddfca8847562903a6482ef898833bf) Importer(2089858483,b0f066a214c2f5e87bad3c948f4d605d) (ScriptedImporter) -> (artifact id: '779175d00843e57d221021bd49cdc3b9') in 0.005256125 seconds
Number of updated asset objects reloaded before import = 0Number of asset objects unloaded after import = 1

========================================================================
Received Import Request.
  Time since last request: 0.000046 seconds.
  path: Assets/Models
  artifactKey: Guid(88d45f06682384e3d817148b89bc9ec7) Importer(2089858483,b0f066a214c2f5e87bad3c948f4d605d)
Start importing Assets/Models using Guid(88d45f06682384e3d817148b89bc9ec7) Importer(2089858483,b0f066a214c2f5e87bad3c948f4d605d) (ScriptedImporter) -> (artifact id: '4314ea456caeca73425d92f68298f796') in 0.001740875 seconds
Number of updated asset objects reloaded before import = 0Number of asset objects unloaded after import = 1

========================================================================
Received Import Request.
  Time since last request: 0.000047 seconds.
  path: Assets/Textures/Estatuas/gesso.jpg
  artifactKey: Guid(23c372630723742af973aa578f3d043e) Importer(2089858483,b0f066a214c2f5e87bad3c948f4d605d)
Start importing Assets/Textures/Estatuas/gesso.jpg using Guid(23c372630723742af973aa578f3d043e) Importer(2089858483,b0f066a214c2f5e87bad3c948f4d605d) (ScriptedImporter) -> (artifact id: 'a32af4bc22d0c8d909bdb2097ca5c21c') in 0.005442375 seconds
Number of updated asset objects reloaded before import = 0Number of asset objects unloaded after import = 1

========================================================================
Received Import Request.
  Time since last request: 0.000030 seconds.
  path: Assets/Textures/Peças/22 - Pequena Paixão de Cristo - Ressurreição.png
  artifactKey: Guid(00ad1ee2fbe8c4be88de9c8b8f50faf0) Importer(2089858483,b0f066a214c2f5e87bad3c948f4d605d)
Start importing Assets/Textures/Peças/22 - Pequena Paixão de Cristo - Ressurreição.png using Guid(00ad1ee2fbe8c4be88de9c8b8f50faf0) Importer(2089858483,b0f066a214c2f5e87bad3c948f4d605d) (ScriptedImporter) -> (artifact id: '856bea6657bbf02769f091b04c3c855b') in 0.009598042 seconds
Number of updated asset objects reloaded before import = 0Number of asset objects unloaded after import = 1

========================================================================
Received Import Request.
  Time since last request: 0.000031 seconds.
  path: Assets/Materials/Construção
  artifactKey: Guid(e84257484f56995e9bc90ebe012ea8ee) Importer(2089858483,b0f066a214c2f5e87bad3c948f4d605d)
Start importing Assets/Materials/Construção using Guid(e84257484f56995e9bc90ebe012ea8ee) Importer(2089858483,b0f066a214c2f5e87bad3c948f4d605d) (ScriptedImporter) -> (artifact id: '67073f6d9c49957a0b0eff02de2c9306') in 0.00187 seconds
Number of updated asset objects reloaded before import = 0Number of asset objects unloaded after import = 1

========================================================================
Received Import Request.
  Time since last request: 0.000027 seconds.
  path: Assets/Textures/Peças/14 - Pequena Paixão de Cristo - Queda a Caminho do Calvário.png
  artifactKey: Guid(39c0751a2409b457ea9c81a5c3a78df9) Importer(2089858483,b0f066a214c2f5e87bad3c948f4d605d)
Start importing Assets/Textures/Peças/14 - Pequena Paixão de Cristo - Queda a Caminho do Calvário.png using Guid(39c0751a2409b457ea9c81a5c3a78df9) Importer(2089858483,b0f066a214c2f5e87bad3c948f4d605d) (ScriptedImporter) -> (artifact id: '8ffa13bf9756f69c02e2da9cf0295710') in 0.00911225 seconds
Number of updated asset objects reloaded before import = 0Number of asset objects unloaded after import = 1

========================================================================
Received Import Request.
  Time since last request: 0.000058 seconds.
  path: Assets/Textures/Peças/26 - Pequena Paixão de Cristo - Incredulidade de S. Tomé.png
  artifactKey: Guid(1c341a14b9cd744f9b80ae1be9196cc2) Importer(2089858483,b0f066a214c2f5e87bad3c948f4d605d)
Start importing Assets/Textures/Peças/26 - Pequena Paixão de Cristo - Incredulidade de S. Tomé.png using Guid(1c341a14b9cd744f9b80ae1be9196cc2) Importer(2089858483,b0f066a214c2f5e87bad3c948f4d605d) (ScriptedImporter) -> (artifact id: '2cf2b3b9607a508e7fc4fa041aa9f4a3') in 0.009360459 seconds
Number of updated asset objects reloaded before import = 0Number of asset objects unloaded after import = 1

========================================================================
Received Import Request.
  Time since last request: 0.000034 seconds.
  path: Assets/Textures/Estatuas/TopColorCube.cs
  artifactKey: Guid(84ad5afc5401f41bfba11c86a2800c90) Importer(2089858483,b0f066a214c2f5e87bad3c948f4d605d)
Start importing Assets/Textures/Estatuas/TopColorCube.cs using Guid(84ad5afc5401f41bfba11c86a2800c90) Importer(2089858483,b0f066a214c2f5e87bad3c948f4d605d) (ScriptedImporter) -> (artifact id: 'a852edf373d90d05f64504451734494d') in 0.002103375 seconds
Number of updated asset objects reloaded before import = 0Number of asset objects unloaded after import = 0

========================================================================
Received Import Request.
  Time since last request: 0.000051 seconds.
  path: Assets/Materials/Pinturas/Sala2/FugaMargarida.mat
  artifactKey: Guid(bfb4b0502b3905db791e41c759761d4b) Importer(2089858483,b0f066a214c2f5e87bad3c948f4d605d)
Start importing Assets/Materials/Pinturas/Sala2/FugaMargarida.mat using Guid(bfb4b0502b3905db791e41c759761d4b) Importer(2089858483,b0f066a214c2f5e87bad3c948f4d605d) (ScriptedImporter) -> (artifact id: '6feb90e79f809d2410b6a1c5a49f3749') in 0.00328325 seconds
Number of updated asset objects reloaded before import = 0Number of asset objects unloaded after import = 2

========================================================================
Received Import Request.
  Time since last request: 0.000049 seconds.
  path: Assets/Textures/Pinturas/Sala2/Domingos_Sequeira_-_Junot_protecting_the_city_(1808).jpg
  artifactKey: Guid(170ce7ce75ad8fdab8b0057ccaf34cc2) Importer(2089858483,b0f066a214c2f5e87bad3c948f4d605d)
Start importing Assets/Textures/Pinturas/Sala2/Domingos_Sequeira_-_Junot_protecting_the_city_(1808).jpg using Guid(170ce7ce75ad8fdab8b0057ccaf34cc2) Importer(2089858483,b0f066a214c2f5e87bad3c948f4d605d) (ScriptedImporter) -> (artifact id: '032a5d2561915cf65b4a929b2f61d77d') in 0.004866 seconds
Number of updated asset objects reloaded before import = 0Number of asset objects unloaded after import = 1

========================================================================
Received Import Request.
  Time since last request: 0.000045 seconds.
  path: Assets/Materials/Estatuas/viralaudio-descent-whoosh-long-cinematic-sound-effect-405921.mp3
  artifactKey: Guid(07b81f6819994f83b93045c77547fc46) Importer(2089858483,b0f066a214c2f5e87bad3c948f4d605d)
Start importing Assets/Materials/Estatuas/viralaudio-descent-whoosh-long-cinematic-sound-effect-405921.mp3 using Guid(07b81f6819994f83b93045c77547fc46) Importer(2089858483,b0f066a214c2f5e87bad3c948f4d605d) (ScriptedImporter) -> (artifact id: '6c2901520324dcdffa3be74d37094a24') in 0.034881458 seconds
Number of updated asset objects reloaded before import = 0Number of asset objects unloaded after import = 1

========================================================================
Received Import Request.
  Time since last request: 0.000031 seconds.
  path: Assets/Materials/Pinturas/Sala2/AcademiaInverno.mat
  artifactKey: Guid(1849b975ab1aa5845b56861ce7ba4c2b) Importer(2089858483,b0f066a214c2f5e87bad3c948f4d605d)
Start importing Assets/Materials/Pinturas/Sala2/AcademiaInverno.mat using Guid(1849b975ab1aa5845b56861ce7ba4c2b) Importer(2089858483,b0f066a214c2f5e87bad3c948f4d605d) (ScriptedImporter) -> (artifact id: '46308007ff6e7d2652ea3070c6455e4e') in 0.003514458 seconds
Number of updated asset objects reloaded before import = 0Number of asset objects unloaded after import = 2

========================================================================
Received Import Request.
  Time since last request: 0.000035 seconds.
  path: Assets/Materials/Peças/Peça_24.mat
  artifactKey: Guid(1969a4daffff54672a88f2d159b3b8f9) Importer(2089858483,b0f066a214c2f5e87bad3c948f4d605d)
Start importing Assets/Materials/Peças/Peça_24.mat using Guid(1969a4daffff54672a88f2d159b3b8f9) Importer(2089858483,b0f066a214c2f5e87bad3c948f4d605d) (ScriptedImporter) -> (artifact id: 'b4c56552beedf04c9e98c98dbcf32617') in 0.062741917 seconds
Number of updated asset objects reloaded before import = 0Number of asset objects unloaded after import = 2

========================================================================
Received Import Request.
  Time since last request: 0.000062 seconds.
  path: Assets/Materials/Molduras/MolduraDPedro 1.mat
  artifactKey: Guid(8fc3c009c044407468a4b506757eac55) Importer(2089858483,b0f066a214c2f5e87bad3c948f4d605d)
Start importing Assets/Materials/Molduras/MolduraDPedro 1.mat using Guid(8fc3c009c044407468a4b506757eac55) Importer(2089858483,b0f066a214c2f5e87bad3c948f4d605d) (ScriptedImporter) -> (artifact id: '40e13d9774f0e8736066ea1eb2d6ce4e') in 0.012347791 seconds
Number of updated asset objects reloaded before import = 0Number of asset objects unloaded after import = 2

========================================================================
Received Import Request.
  Time since last request: 0.000082 seconds.
  path: Assets/Textures/Pinturas/Sala3/RecCadaver.jpg
  artifactKey: Guid(ad1713b470073aa539dc96ef26cea0ef) Importer(2089858483,b0f066a214c2f5e87bad3c948f4d605d)
Start importing Assets/Textures/Pinturas/Sala3/RecCadaver.jpg using Guid(ad1713b470073aa539dc96ef26cea0ef) Importer(2089858483,b0f066a214c2f5e87bad3c948f4d605d) (ScriptedImporter) -> (artifact id: '03b4343598c19e40ccfaf11794736014') in 0.013196833 seconds
Number of updated asset objects reloaded before import = 0Number of asset objects unloaded after import = 1

========================================================================
Received Import Request.
  Time since last request: 0.000057 seconds.
  path: Assets/Textures/Molduras/texture_pbr_20250901.png
  artifactKey: Guid(6a7e9baaedf61521c953c9b5339fd9c9) Importer(2089858483,b0f066a214c2f5e87bad3c948f4d605d)
Start importing Assets/Textures/Molduras/texture_pbr_20250901.png using Guid(6a7e9baaedf61521c953c9b5339fd9c9) Importer(2089858483,b0f066a214c2f5e87bad3c948f4d605d) (ScriptedImporter) -> (artifact id: 'b2b5aa989ac897975c4025966269a2d7') in 0.005144625 seconds
Number of updated asset objects reloaded before import = 0Number of asset objects unloaded after import = 1

========================================================================
Received Import Request.
  Time since last request: 0.000061 seconds.
  path: Assets/Materials/Pinturas/Sala3/Visconde.mat
  artifactKey: Guid(17c2f0836dab7a18fbb4f766ddcee42f) Importer(2089858483,b0f066a214c2f5e87bad3c948f4d605d)
Start importing Assets/Materials/Pinturas/Sala3/Visconde.mat using Guid(17c2f0836dab7a18fbb4f766ddcee42f) Importer(2089858483,b0f066a214c2f5e87bad3c948f4d605d) (ScriptedImporter) -> (artifact id: '4074214ab0916365cafae23a3e314bc6') in 0.004665084 seconds
Number of updated asset objects reloaded before import = 0Number of asset objects unloaded after import = 2

========================================================================
Received Import Request.
  Time since last request: 0.000085 seconds.
  path: Assets/Models/camoes_.fbx
  artifactKey: Guid(cd6f24140167a458c91daf1488bbd0c8) Importer(2089858483,b0f066a214c2f5e87bad3c948f4d605d)
Start importing Assets/Models/camoes_.fbx using Guid(cd6f24140167a458c91daf1488bbd0c8) Importer(2089858483,b0f066a214c2f5e87bad3c948f4d605d) (ScriptedImporter) -> (artifact id: '69449794e3eed831f685764442fce9b3') in 0.123296375 seconds
Number of updated asset objects reloaded before import = 0Number of asset objects unloaded after import = 18

========================================================================
Received Import Request.
  Time since last request: 0.000112 seconds.
  path: Assets/Textures/Pinturas/Sala3/Painting_in_Museu_Soares_dos_Reis_(cropped).JPG
  artifactKey: Guid(554e52d280bf088a5ab7937b0e1086ce) Importer(2089858483,b0f066a214c2f5e87bad3c948f4d605d)
Start importing Assets/Textures/Pinturas/Sala3/Painting_in_Museu_Soares_dos_Reis_(cropped).JPG using Guid(554e52d280bf088a5ab7937b0e1086ce) Importer(2089858483,b0f066a214c2f5e87bad3c948f4d605d) (ScriptedImporter) -> (artifact id: 'b6fe9426a52cfd2d7b417cae9219840a') in 0.015135084 seconds
Number of updated asset objects reloaded before import = 0Number of asset objects unloaded after import = 1

========================================================================
Received Import Request.
  Time since last request: 0.000062 seconds.
  path: Assets/Textures/Construção/WALNUT-MADERA-UF-CC-2MB-4066446538.jpg
  artifactKey: Guid(f9688488ae1ecbd6b8068b856e40a624) Importer(2089858483,b0f066a214c2f5e87bad3c948f4d605d)
Start importing Assets/Textures/Construção/WALNUT-MADERA-UF-CC-2MB-4066446538.jpg using Guid(f9688488ae1ecbd6b8068b856e40a624) Importer(2089858483,b0f066a214c2f5e87bad3c948f4d605d) (ScriptedImporter) -> (artifact id: '8f433ace659643bba37cbca3dd34b565') in 0.005143666 seconds
Number of updated asset objects reloaded before import = 0Number of asset objects unloaded after import = 1

========================================================================
Received Import Request.
  Time since last request: 0.000042 seconds.
  path: Assets/Textures/Peças/LockedPiece.png
  artifactKey: Guid(e13e3080997b2478c840c3f4a35e444e) Importer(2089858483,b0f066a214c2f5e87bad3c948f4d605d)
Start importing Assets/Textures/Peças/LockedPiece.png using Guid(e13e3080997b2478c840c3f4a35e444e) Importer(2089858483,b0f066a214c2f5e87bad3c948f4d605d) (ScriptedImporter) -> (artifact id: '61af1a033f385f9611976b17544d2011') in 0.008564458 seconds
Number of updated asset objects reloaded before import = 0Number of asset objects unloaded after import = 1

========================================================================
Received Import Request.
  Time since last request: 0.000030 seconds.
  path: Assets/Materials/Peças/LockedPiece.mat
  artifactKey: Guid(04063612fba134b59b941f6e5dbfb79a) Importer(2089858483,b0f066a214c2f5e87bad3c948f4d605d)
Start importing Assets/Materials/Peças/LockedPiece.mat using Guid(04063612fba134b59b941f6e5dbfb79a) Importer(2089858483,b0f066a214c2f5e87bad3c948f4d605d) (ScriptedImporter) -> (artifact id: '5a40c98764f1c61234bc7663187bd433') in 0.016390625 seconds
Number of updated asset objects reloaded before import = 0Number of asset objects unloaded after import = 2

========================================================================
Received Import Request.
  Time since last request: 0.000040 seconds.
  path: Assets/Textures/Pinturas/Sala3/d-mariana-da-silva-amorim-by-jose-alberto-nunes-1853-oil-on-canvas-museu-nacional-d85b3c.jpg
  artifactKey: Guid(8dde57e3951871f7dbed2afc71252666) Importer(2089858483,b0f066a214c2f5e87bad3c948f4d605d)
Start importing Assets/Textures/Pinturas/Sala3/d-mariana-da-silva-amorim-by-jose-alberto-nunes-1853-oil-on-canvas-museu-nacional-d85b3c.jpg using Guid(8dde57e3951871f7dbed2afc71252666) Importer(2089858483,b0f066a214c2f5e87bad3c948f4d605d) (ScriptedImporter) -> (artifact id: '20237a70b3e8e228f75bdd8cc70f4af4') in 0.007562792 seconds
Number of updated asset objects reloaded before import = 0Number of asset objects unloaded after import = 1

========================================================================
Received Import Request.
  Time since last request: 0.000046 seconds.
  path: Assets/Materials/Construção/WoodFloor.mat
  artifactKey: Guid(d7a4304b6b736047892e88ce273b0154) Importer(2089858483,b0f066a214c2f5e87bad3c948f4d605d)
Start importing Assets/Materials/Construção/WoodFloor.mat using Guid(d7a4304b6b736047892e88ce273b0154) Importer(2089858483,b0f066a214c2f5e87bad3c948f4d605d) (ScriptedImporter) -> (artifact id: '16f39baec80bd21c6db687405c572391') in 0.003178208 seconds
Number of updated asset objects reloaded before import = 0Number of asset objects unloaded after import = 2

========================================================================
Received Import Request.
  Time since last request: 0.000045 seconds.
  path: Assets/Materials/Peças/Peça_17.mat
  artifactKey: Guid(2771959a893ea400fa5990d35b6fe95a) Importer(2089858483,b0f066a214c2f5e87bad3c948f4d605d)
Start importing Assets/Materials/Peças/Peça_17.mat using Guid(2771959a893ea400fa5990d35b6fe95a) Importer(2089858483,b0f066a214c2f5e87bad3c948f4d605d) (ScriptedImporter) -> (artifact id: '0f936047d0596a48b67f50573a0a2ece') in 0.004477375 seconds
Number of updated asset objects reloaded before import = 0Number of asset objects unloaded after import = 2

========================================================================
Received Import Request.
  Time since last request: 0.000056 seconds.
  path: Assets/Materials/Pinturas/DPedro.mat
  artifactKey: Guid(c6233cbc4be51fb02af9acc45377a0a2) Importer(2089858483,b0f066a214c2f5e87bad3c948f4d605d)
Start importing Assets/Materials/Pinturas/DPedro.mat using Guid(c6233cbc4be51fb02af9acc45377a0a2) Importer(2089858483,b0f066a214c2f5e87bad3c948f4d605d) (ScriptedImporter) -> (artifact id: '1319457b2ab77683251c34d47c8a091f') in 0.004623417 seconds
Number of updated asset objects reloaded before import = 0Number of asset objects unloaded after import = 2

========================================================================
Received Import Request.
  Time since last request: 0.000029 seconds.
  path: Assets/Textures/Peças/06 - Pequena Paixão de Cristo - Oração no Horto.png
  artifactKey: Guid(1539315564e0a43dd840deead4c694e3) Importer(2089858483,b0f066a214c2f5e87bad3c948f4d605d)
Start importing Assets/Textures/Peças/06 - Pequena Paixão de Cristo - Oração no Horto.png using Guid(1539315564e0a43dd840deead4c694e3) Importer(2089858483,b0f066a214c2f5e87bad3c948f4d605d) (ScriptedImporter) -> (artifact id: 'f6ab85e3cdd65576c23bdc1bee72879a') in 0.00493575 seconds
Number of updated asset objects reloaded before import = 0Number of asset objects unloaded after import = 1

========================================================================
Received Import Request.
  Time since last request: 0.000054 seconds.
  path: Assets/Textures/Peças/20 - Pequena Paixão de Cristo - Lamentação do Cristo Morto.png
  artifactKey: Guid(25cc385b5cee648758fe0c9591cdecae) Importer(2089858483,b0f066a214c2f5e87bad3c948f4d605d)
Start importing Assets/Textures/Peças/20 - Pequena Paixão de Cristo - Lamentação do Cristo Morto.png using Guid(25cc385b5cee648758fe0c9591cdecae) Importer(2089858483,b0f066a214c2f5e87bad3c948f4d605d) (ScriptedImporter) -> (artifact id: '41caf455fc52a71929d689def172d223') in 0.0068575 seconds
Number of updated asset objects reloaded before import = 0Number of asset objects unloaded after import = 1

========================================================================
Received Import Request.
  Time since last request: 0.000044 seconds.
  path: Assets/Textures/Peças/13 - Pequena Paixão de Cristo - Pilatos Lavando as Mãos.png
  artifactKey: Guid(3a606b2d46e4441109db25cc386d173c) Importer(2089858483,b0f066a214c2f5e87bad3c948f4d605d)
Start importing Assets/Textures/Peças/13 - Pequena Paixão de Cristo - Pilatos Lavando as Mãos.png using Guid(3a606b2d46e4441109db25cc386d173c) Importer(2089858483,b0f066a214c2f5e87bad3c948f4d605d) (ScriptedImporter) -> (artifact id: '1e4d754eadb13635daa315cb94167b96') in 0.005369125 seconds
Number of updated asset objects reloaded before import = 0Number of asset objects unloaded after import = 1

========================================================================
Received Import Request.
  Time since last request: 0.000026 seconds.
  path: Assets/Materials/Peças/Peça_07.mat
  artifactKey: Guid(86c6a0011f198400aadf1d539e3bfbfd) Importer(2089858483,b0f066a214c2f5e87bad3c948f4d605d)
Start importing Assets/Materials/Peças/Peça_07.mat using Guid(86c6a0011f198400aadf1d539e3bfbfd) Importer(2089858483,b0f066a214c2f5e87bad3c948f4d605d) (ScriptedImporter) -> (artifact id: 'fd3aa223d56004ea219a2dfa8b56bfa1') in 0.009645458 seconds
Number of updated asset objects reloaded before import = 0Number of asset objects unloaded after import = 2

========================================================================
Received Import Request.
  Time since last request: 0.000096 seconds.
  path: Assets/Textures/Pinturas/Sala2
  artifactKey: Guid(a7752e443b461f1fda669fc07a7814ab) Importer(2089858483,b0f066a214c2f5e87bad3c948f4d605d)
Start importing Assets/Textures/Pinturas/Sala2 using Guid(a7752e443b461f1fda669fc07a7814ab) Importer(2089858483,b0f066a214c2f5e87bad3c948f4d605d) (ScriptedImporter) -> (artifact id: 'feaf05f7a4200cb83502c61d5eaf4d89') in 0.001788333 seconds
Number of updated asset objects reloaded before import = 0Number of asset objects unloaded after import = 1

========================================================================
Received Import Request.
  Time since last request: 0.000047 seconds.
  path: Assets/Materials/Pinturas/Sala3/DMariana.mat
  artifactKey: Guid(cdeba36dca7685b72b0c9e00276c7ac7) Importer(2089858483,b0f066a214c2f5e87bad3c948f4d605d)
Start importing Assets/Materials/Pinturas/Sala3/DMariana.mat using Guid(cdeba36dca7685b72b0c9e00276c7ac7) Importer(2089858483,b0f066a214c2f5e87bad3c948f4d605d) (ScriptedImporter) -> (artifact id: '53187399ec97ec88ac6e47f0355cf8ec') in 0.00518225 seconds
Number of updated asset objects reloaded before import = 0Number of asset objects unloaded after import = 2

========================================================================
Received Import Request.
  Time since last request: 0.000049 seconds.
  path: Assets/Textures/Peças/03 - Pequena Paixão de Cristo - Expulsão dos Mercadores do Templo.png
  artifactKey: Guid(f2287505a948e4bd395f8c97d267a12a) Importer(2089858483,b0f066a214c2f5e87bad3c948f4d605d)
Start importing Assets/Textures/Peças/03 - Pequena Paixão de Cristo - Expulsão dos Mercadores do Templo.png using Guid(f2287505a948e4bd395f8c97d267a12a) Importer(2089858483,b0f066a214c2f5e87bad3c948f4d605d) (ScriptedImporter) -> (artifact id: 'e7273a759fa27fd570d0013e5f106ec7') in 0.007998708 seconds
Number of updated asset objects reloaded before import = 0Number of asset objects unloaded after import = 1

========================================================================
Received Import Request.
  Time since last request: 0.000057 seconds.
  path: Assets/Textures/Pinturas/Lobby
  artifactKey: Guid(b8ba1ff0b8f6c4ee78813762dfd77f39) Importer(2089858483,b0f066a214c2f5e87bad3c948f4d605d)
Start importing Assets/Textures/Pinturas/Lobby using Guid(b8ba1ff0b8f6c4ee78813762dfd77f39) Importer(2089858483,b0f066a214c2f5e87bad3c948f4d605d) (ScriptedImporter) -> (artifact id: '84baabb115ccc4ed7c45b731ac0c3fda') in 0.004873 seconds
Number of updated asset objects reloaded before import = 0Number of asset objects unloaded after import = 1

========================================================================
Received Import Request.
  Time since last request: 0.000046 seconds.
  path: Assets/Textures/Pinturas/Sala2/Academia_de_Inverno_horizontal_1024x576_d255f9457b.jpg
  artifactKey: Guid(b8f50db687862ce0493afac094893a2f) Importer(2089858483,b0f066a214c2f5e87bad3c948f4d605d)
Start importing Assets/Textures/Pinturas/Sala2/Academia_de_Inverno_horizontal_1024x576_d255f9457b.jpg using Guid(b8f50db687862ce0493afac094893a2f) Importer(2089858483,b0f066a214c2f5e87bad3c948f4d605d) (ScriptedImporter) -> (artifact id: '6e6ad791781c992985c277f82a10e109') in 0.004205583 seconds
Number of updated asset objects reloaded before import = 0Number of asset objects unloaded after import = 1

========================================================================
Received Import Request.
  Time since last request: 0.000038 seconds.
  path: Assets/Materials/Molduras/Textura.mat
  artifactKey: Guid(a4325261d7e394e17a8456f42309dc79) Importer(2089858483,b0f066a214c2f5e87bad3c948f4d605d)
Start importing Assets/Materials/Molduras/Textura.mat using Guid(a4325261d7e394e17a8456f42309dc79) Importer(2089858483,b0f066a214c2f5e87bad3c948f4d605d) (ScriptedImporter) -> (artifact id: '9eb6c4b229d86aa41f3e2038c7d83002') in 0.00323975 seconds
Number of updated asset objects reloaded before import = 0Number of asset objects unloaded after import = 2

========================================================================
Received Import Request.
  Time since last request: 0.000036 seconds.
  path: Assets/Textures/Peças/11 - Pequena Paixão de Cristo - Coroação de Espinhos.png
  artifactKey: Guid(06f71d59419674873983f2058dcde3ee) Importer(2089858483,b0f066a214c2f5e87bad3c948f4d605d)
Start importing Assets/Textures/Peças/11 - Pequena Paixão de Cristo - Coroação de Espinhos.png using Guid(06f71d59419674873983f2058dcde3ee) Importer(2089858483,b0f066a214c2f5e87bad3c948f4d605d) (ScriptedImporter) -> (artifact id: '5ea309ffec01957bc9b05e7e4869a60b') in 0.005018375 seconds
Number of updated asset objects reloaded before import = 0Number of asset objects unloaded after import = 1

========================================================================
Received Import Request.
  Time since last request: 0.000053 seconds.
  path: Assets/Textures/Pinturas/Sala2/fuga-de-margarida-de-anjou.png
  artifactKey: Guid(d0f03a63ce142ed588519aa1e207d971) Importer(2089858483,b0f066a214c2f5e87bad3c948f4d605d)
Start importing Assets/Textures/Pinturas/Sala2/fuga-de-margarida-de-anjou.png using Guid(d0f03a63ce142ed588519aa1e207d971) Importer(2089858483,b0f066a214c2f5e87bad3c948f4d605d) (ScriptedImporter) -> (artifact id: 'eba4e85b95340359e9e81cb8c028636c') in 0.00397825 seconds
Number of updated asset objects reloaded before import = 0Number of asset objects unloaded after import = 1

========================================================================
Received Import Request.
  Time since last request: 0.000061 seconds.
  path: Assets/Textures/Pinturas/Sala3/Self-portrait_by_Caetano_Moreira_da_Costa_Lima.jpg
  artifactKey: Guid(416a42f10ac914bf795c47a2078c271d) Importer(2089858483,b0f066a214c2f5e87bad3c948f4d605d)
Start importing Assets/Textures/Pinturas/Sala3/Self-portrait_by_Caetano_Moreira_da_Costa_Lima.jpg using Guid(416a42f10ac914bf795c47a2078c271d) Importer(2089858483,b0f066a214c2f5e87bad3c948f4d605d) (ScriptedImporter) -> (artifact id: '3ad85fba90133159de0893b54fe36510') in 0.0085395 seconds
Number of updated asset objects reloaded before import = 0Number of asset objects unloaded after import = 1

========================================================================
Received Import Request.
  Time since last request: 0.000035 seconds.
  path: Assets/Models/Camoes.fbx
  artifactKey: Guid(cfc12fb6f1d984334a743cba4858d41c) Importer(2089858483,b0f066a214c2f5e87bad3c948f4d605d)
Start importing Assets/Models/Camoes.fbx using Guid(cfc12fb6f1d984334a743cba4858d41c) Importer(2089858483,b0f066a214c2f5e87bad3c948f4d605d) (ScriptedImporter) -> (artifact id: '37a68ed76e960f820e420daa209fef24') in 0.07011325 seconds
Number of updated asset objects reloaded before import = 0Number of asset objects unloaded after import = 9

========================================================================
Received Import Request.
  Time since last request: 0.000046 seconds.
  path: Assets/Materials/Peças/Peça_22.mat
  artifactKey: Guid(06ba058d87cae4de69228c77fc9c09c8) Importer(2089858483,b0f066a214c2f5e87bad3c948f4d605d)
Start importing Assets/Materials/Peças/Peça_22.mat using Guid(06ba058d87cae4de69228c77fc9c09c8) Importer(2089858483,b0f066a214c2f5e87bad3c948f4d605d) (ScriptedImporter) -> (artifact id: 'bb759ab82395afeef4d29949c5464608') in 0.005013708 seconds
Number of updated asset objects reloaded before import = 0Number of asset objects unloaded after import = 2

========================================================================
Received Import Request.
  Time since last request: 0.000042 seconds.
  path: Assets/Textures/Peças/08 - Pequena Paixão de Cristo - Cristo Perante Anás.png
  artifactKey: Guid(6055c010215244d419f253a4a7aba0f4) Importer(2089858483,b0f066a214c2f5e87bad3c948f4d605d)
Start importing Assets/Textures/Peças/08 - Pequena Paixão de Cristo - Cristo Perante Anás.png using Guid(6055c010215244d419f253a4a7aba0f4) Importer(2089858483,b0f066a214c2f5e87bad3c948f4d605d) (ScriptedImporter) -> (artifact id: '65389428fb640726e489ac60b2426337') in 0.0055865 seconds
Number of updated asset objects reloaded before import = 0Number of asset objects unloaded after import = 1

========================================================================
Received Import Request.
  Time since last request: 0.000044 seconds.
  path: Assets/Textures/Pinturas/Sala3/joaquim-da-silva-amorim-by-jose-alberto-nunes-1853-oil-on-canvas-museu-nacional-7a6298.jpg
  artifactKey: Guid(e2868e7f3c226343e834ebde44648399) Importer(2089858483,b0f066a214c2f5e87bad3c948f4d605d)
Start importing Assets/Textures/Pinturas/Sala3/joaquim-da-silva-amorim-by-jose-alberto-nunes-1853-oil-on-canvas-museu-nacional-7a6298.jpg using Guid(e2868e7f3c226343e834ebde44648399) Importer(2089858483,b0f066a214c2f5e87bad3c948f4d605d) (ScriptedImporter) -> (artifact id: 'b9a01ccda442a0dbac57d81100e763c7') in 0.005923667 seconds
Number of updated asset objects reloaded before import = 0Number of asset objects unloaded after import = 1

========================================================================
Received Import Request.
  Time since last request: 0.000033 seconds.
  path: Assets/Textures/Construção/styled-tiled-planks-wall-backdrop-seamless-loop-parquet-wood-background-parquetry-wooden-floor-texture-wood-flooring-surface-video-1483459086.jpg
  artifactKey: Guid(b0c30a9b175130e55b186207e140258e) Importer(2089858483,b0f066a214c2f5e87bad3c948f4d605d)
Start importing Assets/Textures/Construção/styled-tiled-planks-wall-backdrop-seamless-loop-parquet-wood-background-parquetry-wooden-floor-texture-wood-flooring-surface-video-1483459086.jpg using Guid(b0c30a9b175130e55b186207e140258e) Importer(2089858483,b0f066a214c2f5e87bad3c948f4d605d) (ScriptedImporter) -> (artifact id: '613da87e7a4c01461552f5bd72ce3804') in 0.005417875 seconds
Number of updated asset objects reloaded before import = 0Number of asset objects unloaded after import = 1

========================================================================
Received Import Request.
  Time since last request: 0.000036 seconds.
  path: Assets/Models/VieiraPortuense.fbx
  artifactKey: Guid(29415ef646dab41a5a9ccb0be65e94df) Importer(2089858483,b0f066a214c2f5e87bad3c948f4d605d)
Start importing Assets/Models/VieiraPortuense.fbx using Guid(29415ef646dab41a5a9ccb0be65e94df) Importer(2089858483,b0f066a214c2f5e87bad3c948f4d605d) (ScriptedImporter) -> (artifact id: '9aba5ed5548c4666925650958f1100c3') in 0.040096292 seconds
Number of updated asset objects reloaded before import = 0Number of asset objects unloaded after import = 9

========================================================================
Received Import Request.
  Time since last request: 0.000039 seconds.
  path: Assets/Scenes/BasicScene.unity
  artifactKey: Guid(4e9fef26e6adb88479ad1b9834a32d94) Importer(2089858483,b0f066a214c2f5e87bad3c948f4d605d)
Start importing Assets/Scenes/BasicScene.unity using Guid(4e9fef26e6adb88479ad1b9834a32d94) Importer(2089858483,b0f066a214c2f5e87bad3c948f4d605d) (ScriptedImporter) -> (artifact id: '35d1109d50e96a44871a4aa1c7062dfa') in 0.006849416 seconds
Number of updated asset objects reloaded before import = 0Number of asset objects unloaded after import = 1

========================================================================
Received Import Request.
  Time since last request: 154.072164 seconds.
  path: Assets/Textures/Molduras/molduraDPedro.png
  artifactKey: Guid(0eae2f9b1dd5bcfb197a4bd5b8a531b9) Importer(815301076,1909f56bfc062723c751e8b465ee728b)
Start importing Assets/Textures/Molduras/molduraDPedro.png using Guid(0eae2f9b1dd5bcfb197a4bd5b8a531b9) Importer(815301076,1909f56bfc062723c751e8b465ee728b) (PreviewImporter) -> (artifact id: '83a3bb7f5e70d93b159a497c4192df37') in 0.187796042 seconds
Number of updated asset objects reloaded before import = 0Number of asset objects unloaded after import = 2

========================================================================
Received Import Request.
  Time since last request: 0.000094 seconds.
  path: Assets/Textures/Peças/23 - Pequena Paixão de Cristo - Aparição de Cristo a Sua Mãe.png
  artifactKey: Guid(3e16a0798bcda4558a1cd4fc777f5a1a) Importer(815301076,1909f56bfc062723c751e8b465ee728b)
Start importing Assets/Textures/Peças/23 - Pequena Paixão de Cristo - Aparição de Cristo a Sua Mãe.png using Guid(3e16a0798bcda4558a1cd4fc777f5a1a) Importer(815301076,1909f56bfc062723c751e8b465ee728b) (PreviewImporter) -> (artifact id: 'deed33f7e943635b335af993493cdca8') in 0.010095292 seconds
Number of updated asset objects reloaded before import = 0Number of asset objects unloaded after import = 2

========================================================================
Received Import Request.
  Time since last request: 0.000065 seconds.
  path: Assets/Textures/Peças/01 - Pequena Paixão de Cristo - Cristo Despede-se de Sua Mãe.png
  artifactKey: Guid(c7c8fa2beb2694385bff7a486f14277a) Importer(815301076,1909f56bfc062723c751e8b465ee728b)
Start importing Assets/Textures/Peças/01 - Pequena Paixão de Cristo - Cristo Despede-se de Sua Mãe.png using Guid(c7c8fa2beb2694385bff7a486f14277a) Importer(815301076,1909f56bfc062723c751e8b465ee728b) (PreviewImporter) -> (artifact id: '309297b3f7142873f9be3f7104f8d55e') in 0.006369292 seconds
Number of updated asset objects reloaded before import = 0Number of asset objects unloaded after import = 2

========================================================================
Received Import Request.
  Time since last request: 0.000038 seconds.
  path: Assets/Textures/Peças/12 - Pequena Paixão de Cristo - _Ecce Homo_.png
  artifactKey: Guid(3855b31b6a43349acb765eab68abfc1e) Importer(815301076,1909f56bfc062723c751e8b465ee728b)
Start importing Assets/Textures/Peças/12 - Pequena Paixão de Cristo - _Ecce Homo_.png using Guid(3855b31b6a43349acb765eab68abfc1e) Importer(815301076,1909f56bfc062723c751e8b465ee728b) (PreviewImporter) -> (artifact id: '1c13b4779c158e2e29ef96976d14efe2') in 0.007054833 seconds
Number of updated asset objects reloaded before import = 0Number of asset objects unloaded after import = 2

========================================================================
Received Import Request.
  Time since last request: 0.000043 seconds.
  path: Assets/Textures/Peças/03 - Pequena Paixão de Cristo - Expulsão dos Mercadores do Templo.png
  artifactKey: Guid(f2287505a948e4bd395f8c97d267a12a) Importer(815301076,1909f56bfc062723c751e8b465ee728b)
Start importing Assets/Textures/Peças/03 - Pequena Paixão de Cristo - Expulsão dos Mercadores do Templo.png using Guid(f2287505a948e4bd395f8c97d267a12a) Importer(815301076,1909f56bfc062723c751e8b465ee728b) (PreviewImporter) -> (artifact id: '4466b12616e94c386eb34ab25cd90d92') in 0.005682959 seconds
Number of updated asset objects reloaded before import = 0Number of asset objects unloaded after import = 2

========================================================================
Received Import Request.
  Time since last request: 0.000038 seconds.
  path: Assets/Textures/Peças/14 - Pequena Paixão de Cristo - Queda a Caminho do Calvário.png
  artifactKey: Guid(39c0751a2409b457ea9c81a5c3a78df9) Importer(815301076,1909f56bfc062723c751e8b465ee728b)
Start importing Assets/Textures/Peças/14 - Pequena Paixão de Cristo - Queda a Caminho do Calvário.png using Guid(39c0751a2409b457ea9c81a5c3a78df9) Importer(815301076,1909f56bfc062723c751e8b465ee728b) (PreviewImporter) -> (artifact id: '8cdfeab58a7ef7e8f499ab47101a17d1') in 0.006424708 seconds
Number of updated asset objects reloaded before import = 0Number of asset objects unloaded after import = 2

========================================================================
Received Import Request.
  Time since last request: 0.000032 seconds.
  path: Assets/Textures/Peças/21 - Pequena Paixão de Cristo - Deposição no Túmulo.png
  artifactKey: Guid(7bc63c8fddfaf4b679b998d5954c95bf) Importer(815301076,1909f56bfc062723c751e8b465ee728b)
Start importing Assets/Textures/Peças/21 - Pequena Paixão de Cristo - Deposição no Túmulo.png using Guid(7bc63c8fddfaf4b679b998d5954c95bf) Importer(815301076,1909f56bfc062723c751e8b465ee728b) (PreviewImporter) -> (artifact id: '501ade4bd9dbbe37970867d2617702cd') in 0.007007917 seconds
Number of updated asset objects reloaded before import = 0Number of asset objects unloaded after import = 2

========================================================================
Received Import Request.
  Time since last request: 0.000032 seconds.
  path: Assets/Textures/Molduras/texture_pbr_20250901.png
  artifactKey: Guid(6a7e9baaedf61521c953c9b5339fd9c9) Importer(815301076,1909f56bfc062723c751e8b465ee728b)
Start importing Assets/Textures/Molduras/texture_pbr_20250901.png using Guid(6a7e9baaedf61521c953c9b5339fd9c9) Importer(815301076,1909f56bfc062723c751e8b465ee728b) (PreviewImporter) -> (artifact id: 'c206cfc23265b5d352f1cdb68c71a43d') in 0.013931917 seconds
Number of updated asset objects reloaded before import = 0Number of asset objects unloaded after import = 2

========================================================================
Received Import Request.
  Time since last request: 0.000037 seconds.
  path: Assets/Textures/Peças/05 - Pequena Paixão de Cristo - Lava-pés.png
  artifactKey: Guid(d8ea6b06bb13c4512946979f945c9e2a) Importer(815301076,1909f56bfc062723c751e8b465ee728b)
Start importing Assets/Textures/Peças/05 - Pequena Paixão de Cristo - Lava-pés.png using Guid(d8ea6b06bb13c4512946979f945c9e2a) Importer(815301076,1909f56bfc062723c751e8b465ee728b) (PreviewImporter) -> (artifact id: 'b91396aadb4ec7317719aece53c103b6') in 0.006360917 seconds
Number of updated asset objects reloaded before import = 0Number of asset objects unloaded after import = 2

========================================================================
Received Import Request.
  Time since last request: 0.000051 seconds.
  path: Assets/Textures/Peças/25 - Pequena Paixão de Cristo - Ceia em Emaús.png
  artifactKey: Guid(3c301429482a742a79a8029dfa62244e) Importer(815301076,1909f56bfc062723c751e8b465ee728b)
Start importing Assets/Textures/Peças/25 - Pequena Paixão de Cristo - Ceia em Emaús.png using Guid(3c301429482a742a79a8029dfa62244e) Importer(815301076,1909f56bfc062723c751e8b465ee728b) (PreviewImporter) -> (artifact id: 'a09226f735fbd3116c17f0239cd492e6') in 0.011172083 seconds
Number of updated asset objects reloaded before import = 0Number of asset objects unloaded after import = 2

========================================================================
Received Import Request.
  Time since last request: 0.000073 seconds.
  path: Assets/Textures/Peças/18 - Pequena Paixão de Cristo - Descida ao Limbo.png
  artifactKey: Guid(867b9150064484fbd849cfb7eedf43e6) Importer(815301076,1909f56bfc062723c751e8b465ee728b)
Start importing Assets/Textures/Peças/18 - Pequena Paixão de Cristo - Descida ao Limbo.png using Guid(867b9150064484fbd849cfb7eedf43e6) Importer(815301076,1909f56bfc062723c751e8b465ee728b) (PreviewImporter) -> (artifact id: '893fd3c70176af39a23ee0ab2a1265ff') in 0.00787875 seconds
Number of updated asset objects reloaded before import = 0Number of asset objects unloaded after import = 2

========================================================================
Received Import Request.
  Time since last request: 0.000039 seconds.
  path: Assets/Textures/Peças/09 - Pequena Paixão de Cristo - Cristo Escarnecido.png
  artifactKey: Guid(f971eadce3c4942089917444b595ebd0) Importer(815301076,1909f56bfc062723c751e8b465ee728b)
Start importing Assets/Textures/Peças/09 - Pequena Paixão de Cristo - Cristo Escarnecido.png using Guid(f971eadce3c4942089917444b595ebd0) Importer(815301076,1909f56bfc062723c751e8b465ee728b) (PreviewImporter) -> (artifact id: '5a09c60a3094ed0dfccd5b0193638025') in 0.007283042 seconds
Number of updated asset objects reloaded before import = 0Number of asset objects unloaded after import = 2

========================================================================
Received Import Request.
  Time since last request: 0.000030 seconds.
  path: Assets/Textures/Peças/20 - Pequena Paixão de Cristo - Lamentação do Cristo Morto.png
  artifactKey: Guid(25cc385b5cee648758fe0c9591cdecae) Importer(815301076,1909f56bfc062723c751e8b465ee728b)
Start importing Assets/Textures/Peças/20 - Pequena Paixão de Cristo - Lamentação do Cristo Morto.png using Guid(25cc385b5cee648758fe0c9591cdecae) Importer(815301076,1909f56bfc062723c751e8b465ee728b) (PreviewImporter) -> (artifact id: 'c9b65ba990e7701aff279cc99756b1d9') in 0.006092833 seconds
Number of updated asset objects reloaded before import = 0Number of asset objects unloaded after import = 2

========================================================================
Received Import Request.
  Time since last request: 0.000042 seconds.
  path: Assets/Textures/Peças/06 - Pequena Paixão de Cristo - Oração no Horto.png
  artifactKey: Guid(1539315564e0a43dd840deead4c694e3) Importer(815301076,1909f56bfc062723c751e8b465ee728b)
Start importing Assets/Textures/Peças/06 - Pequena Paixão de Cristo - Oração no Horto.png using Guid(1539315564e0a43dd840deead4c694e3) Importer(815301076,1909f56bfc062723c751e8b465ee728b) (PreviewImporter) -> (artifact id: 'cc2f0e80e1b4c58c68f0a05e184fd2f9') in 0.006580375 seconds
Number of updated asset objects reloaded before import = 0Number of asset objects unloaded after import = 2

========================================================================
Received Import Request.
  Time since last request: 31.561282 seconds.
  path: Assets/Textures/Construção/Materials/New Material.mat
  artifactKey: Guid(d88f95607285f4bd5969d522c8b3a708) Importer(815301076,1909f56bfc062723c751e8b465ee728b)
Start importing Assets/Textures/Construção/Materials/New Material.mat using Guid(d88f95607285f4bd5969d522c8b3a708) Importer(815301076,1909f56bfc062723c751e8b465ee728b) (PreviewImporter) -> (artifact id: '3be666ffc643091368dc87f1c425de37') in 0.302651625 seconds
Number of updated asset objects reloaded before import = 0Number of asset objects unloaded after import = 1

========================================================================
Received Import Request.
  Time since last request: 0.582887 seconds.
  path: Assets/Textures/Construção/Materials/New Material.mat
  artifactKey: Guid(d88f95607285f4bd5969d522c8b3a708) Importer(2089858483,b0f066a214c2f5e87bad3c948f4d605d)
Start importing Assets/Textures/Construção/Materials/New Material.mat using Guid(d88f95607285f4bd5969d522c8b3a708) Importer(2089858483,b0f066a214c2f5e87bad3c948f4d605d) (ScriptedImporter) -> (artifact id: '1d59b7c436c8f7e9b4c337bbc574b681') in 0.004866375 seconds
Number of updated asset objects reloaded before import = 0Number of asset objects unloaded after import = 1

========================================================================
Received Prepare
Begin MonoManager ReloadAssembly
[Licensing::Client] Successfully resolved entitlement details
Thread 0x16d193000 may have been prematurely finalized
- Loaded All Assemblies, in  0.766 seconds
Refreshing native plugins compatible for Editor in 5.17 ms, found 10 plugins.
Native extension for Android target not found
Native extension for OSXStandalone target not found
Native extension for WebGL target not found
[Package Manager] Failed to launch server process. Reason: Unity was launched with the -noUpm command-line argument
[Package Manager] Unable to send message (not connected to server process).
[Package Manager] Cannot connect to Unity Package Manager local server
ScheduleIndexationOnStartup MainProcess:False IndexOnStartup:True
Mono: successfully reloaded assembly
[Package Manager] Failed to launch server process. Reason: Unity was launched with the -noUpm command-line argument
[Package Manager] Unable to send message (not connected to server process).
[Package Manager] Cannot connect to Unity Package Manager local server
- Finished resetting the current domain, in  0.934 seconds
Domain Reload Profiling: 1702ms
	BeginReloadAssembly (321ms)
		ExecutionOrderSort (0ms)
		DisableScriptedObjects (19ms)
		BackupInstance (0ms)
		ReleaseScriptingObjects (0ms)
		CreateAndSetChildDomain (91ms)
	RebuildCommonClasses (26ms)
	RebuildNativeTypeToScriptingClass (10ms)
	initialDomainReloadingComplete (15ms)
	LoadAllAssembliesAndSetupDomain (397ms)
		LoadAssemblies (321ms)
		RebuildTransferFunctionScriptingTraits (0ms)
		AnalyzeDomain (167ms)
			TypeCache.Refresh (17ms)
				TypeCache.ScanAssembly (0ms)
			BuildScriptInfoCaches (133ms)
			ResolveRequiredComponents (11ms)
	FinalizeReload (934ms)
		ReleaseScriptCaches (0ms)
		RebuildScriptCaches (0ms)
		SetupLoadedEditorAssemblies (770ms)
			LogAssemblyErrors (0ms)
			InitializePlatformSupportModulesInManaged (7ms)
			SetLoadedEditorAssemblies (5ms)
			BeforeProcessingInitializeOnLoad (107ms)
			ProcessInitializeOnLoadAttributes (479ms)
			ProcessInitializeOnLoadMethodAttributes (170ms)
			AfterProcessingInitializeOnLoad (1ms)
			EditorAssembliesLoaded (0ms)
		ExecutionOrderSort2 (0ms)
		AwakeInstancesAfterBackupRestoration (10ms)
WARNING: Shader Unsupported: 'Hidden/Simulation/URP/Synthetic' - All subshaders removed
WARNING: Shader Did you use #pragma only_renderers and omit this platform?
WARNING: Shader If subshaders removal was intentional, you may have forgotten turning Fallback off?
WARNING: Shader Unsupported: 'Hidden/Simulation/URP/Synthetic' - All subshaders removed
WARNING: Shader Did you use #pragma only_renderers and omit this platform?
WARNING: Shader If subshaders removal was intentional, you may have forgotten turning Fallback off?
WARNING: Shader Unsupported: 'Hidden/Simulation/Synthetic Lit' - All subshaders removed
WARNING: Shader Did you use #pragma only_renderers and omit this platform?
WARNING: Shader If subshaders removal was intentional, you may have forgotten turning Fallback off?
WARNING: Shader Unsupported: 'Hidden/Simulation/Synthetic Lit' - All subshaders removed
WARNING: Shader Did you use #pragma only_renderers and omit this platform?
WARNING: Shader If subshaders removal was intentional, you may have forgotten turning Fallback off?
WARNING: Shader Unsupported: 'Simulation/Standard Lit' - All subshaders removed
WARNING: Shader Did you use #pragma only_renderers and omit this platform?
WARNING: Shader If subshaders removal was intentional, you may have forgotten turning Fallback off?
WARNING: Shader Unsupported: 'Simulation/Standard Lit' - All subshaders removed
WARNING: Shader Did you use #pragma only_renderers and omit this platform?
WARNING: Shader If subshaders removal was intentional, you may have forgotten turning Fallback off?
WARNING: Shader Unsupported: 'Universal Render Pipeline/VR/SpatialMapping/Wireframe' - All subshaders removed
WARNING: Shader Did you use #pragma only_renderers and omit this platform?
WARNING: Shader If subshaders removal was intentional, you may have forgotten turning Fallback off?
WARNING: Shader Unsupported: 'Universal Render Pipeline/VR/SpatialMapping/Wireframe' - All subshaders removed
WARNING: Shader Did you use #pragma only_renderers and omit this platform?
WARNING: Shader If subshaders removal was intentional, you may have forgotten turning Fallback off?
WARNING: Shader Unsupported: 'Simulation/URP/Room X-Ray' - All subshaders removed
WARNING: Shader Did you use #pragma only_renderers and omit this platform?
WARNING: Shader If subshaders removal was intentional, you may have forgotten turning Fallback off?
WARNING: Shader Unsupported: 'Simulation/URP/Room X-Ray' - All subshaders removed
WARNING: Shader Did you use #pragma only_renderers and omit this platform?
WARNING: Shader If subshaders removal was intentional, you may have forgotten turning Fallback off?
WARNING: Shader Unsupported: 'Simulation/Room X-Ray' - All subshaders removed
WARNING: Shader Did you use #pragma only_renderers and omit this platform?
WARNING: Shader If subshaders removal was intentional, you may have forgotten turning Fallback off?
WARNING: Shader Unsupported: 'Simulation/Room X-Ray' - All subshaders removed
WARNING: Shader Did you use #pragma only_renderers and omit this platform?
WARNING: Shader If subshaders removal was intentional, you may have forgotten turning Fallback off?
WARNING: Shader Unsupported: 'Simulation/URP/Lit' - All subshaders removed
WARNING: Shader Did you use #pragma only_renderers and omit this platform?
WARNING: Shader If subshaders removal was intentional, you may have forgotten turning Fallback off?
WARNING: Shader Unsupported: 'Simulation/URP/Lit' - All subshaders removed
WARNING: Shader Did you use #pragma only_renderers and omit this platform?
WARNING: Shader If subshaders removal was intentional, you may have forgotten turning Fallback off?
Refreshing native plugins compatible for Editor in 6.36 ms, found 10 plugins.
Preloading 0 native plugins for Editor in 0.00 ms.
Unloading 23 Unused Serialized files (Serialized files now loaded: 0)
Unloading 6624 unused Assets / (5.0 MB). Loaded Objects now: 7464.
Memory consumption went from 209.6 MB to 204.7 MB.
Total: 20.582833 ms (FindLiveObjects: 1.524750 ms CreateObjectMapping: 0.362125 ms MarkObjects: 15.382750 ms  DeleteObjects: 3.312834 ms)

Prepare: number of updated asset objects reloaded= 0
========================================================================
Received Import Request.
  Time since last request: 467.634192 seconds.
  path: Assets/Materials/Construção/BlackPlastic.mat
  artifactKey: Guid(e2afefc18527b26b5bb96802189f8927) Importer(815301076,1909f56bfc062723c751e8b465ee728b)
Start importing Assets/Materials/Construção/BlackPlastic.mat using Guid(e2afefc18527b26b5bb96802189f8927) Importer(815301076,1909f56bfc062723c751e8b465ee728b) (PreviewImporter) -> (artifact id: '038234a5dc53bd18587ad8cc512f98e3') in 0.274646583 seconds
Number of updated asset objects reloaded before import = 0Number of asset objects unloaded after import = 1

========================================================================
Received Import Request.
  Time since last request: 0.000083 seconds.
  path: Assets/Materials/Construção/WhitePlastic.mat
  artifactKey: Guid(81b0a78db18be8f399a37b6b9e0fa0a8) Importer(815301076,1909f56bfc062723c751e8b465ee728b)
Start importing Assets/Materials/Construção/WhitePlastic.mat using Guid(81b0a78db18be8f399a37b6b9e0fa0a8) Importer(815301076,1909f56bfc062723c751e8b465ee728b) (PreviewImporter) -> (artifact id: 'ce2e3f4e11a4a573c95c5a09e3c790b1') in 0.005804375 seconds
Number of updated asset objects reloaded before import = 0Number of asset objects unloaded after import = 1

========================================================================
Received Import Request.
  Time since last request: 0.000037 seconds.
  path: Assets/Materials/Construção/WhiteWallPaint.mat
  artifactKey: Guid(9da792f5880e600708b5eaee44b9222f) Importer(815301076,1909f56bfc062723c751e8b465ee728b)
Start importing Assets/Materials/Construção/WhiteWallPaint.mat using Guid(9da792f5880e600708b5eaee44b9222f) Importer(815301076,1909f56bfc062723c751e8b465ee728b) (PreviewImporter) -> (artifact id: '6c7baa10ba7eee4b699621765a2bb852') in 0.011689791 seconds
Number of updated asset objects reloaded before import = 0Number of asset objects unloaded after import = 1

========================================================================
Received Import Request.
  Time since last request: 0.328406 seconds.
  path: Assets/Materials/Estatuas/alexzavesa-calm-elegant-logo-519008.mp3
  artifactKey: Guid(a74da3a13217f10eba5ece61525678bc) Importer(815301076,1909f56bfc062723c751e8b465ee728b)
Start importing Assets/Materials/Estatuas/alexzavesa-calm-elegant-logo-519008.mp3 using Guid(a74da3a13217f10eba5ece61525678bc) Importer(815301076,1909f56bfc062723c751e8b465ee728b) (PreviewImporter) -> (artifact id: 'bf67092c23014d8e83e1baeecce8f59b') in 0.027171416 seconds
Number of updated asset objects reloaded before import = 0Number of asset objects unloaded after import = 2

========================================================================
Received Import Request.
  Time since last request: 0.000038 seconds.
  path: Assets/Materials/Estatuas/viralaudio-descent-whoosh-long-cinematic-sound-effect-405921.mp3
  artifactKey: Guid(07b81f6819994f83b93045c77547fc46) Importer(815301076,1909f56bfc062723c751e8b465ee728b)
Start importing Assets/Materials/Estatuas/viralaudio-descent-whoosh-long-cinematic-sound-effect-405921.mp3 using Guid(07b81f6819994f83b93045c77547fc46) Importer(815301076,1909f56bfc062723c751e8b465ee728b) (PreviewImporter) -> (artifact id: '8aaf9009c6e8b20f5fac55bc9bce419f') in 0.007123291 seconds
Number of updated asset objects reloaded before import = 0Number of asset objects unloaded after import = 2

========================================================================
Received Import Request.
  Time since last request: 7.496705 seconds.
  path: Assets/Materials/Mesa/Cidade do Porto.mat
  artifactKey: Guid(1ce63e9b0d9f641aba13f0e5fddc1299) Importer(815301076,1909f56bfc062723c751e8b465ee728b)
Start importing Assets/Materials/Mesa/Cidade do Porto.mat using Guid(1ce63e9b0d9f641aba13f0e5fddc1299) Importer(815301076,1909f56bfc062723c751e8b465ee728b) (PreviewImporter) -> (artifact id: 'b47bf8e0bf019ea8049b11ce3ecce948') in 0.036852042 seconds
Number of updated asset objects reloaded before import = 0Number of asset objects unloaded after import = 2

========================================================================
Received Import Request.
  Time since last request: 0.329755 seconds.
  path: Assets/Materials/Molduras/MolduraDPedro.mat
  artifactKey: Guid(aa33ee6f21ca77680a109636f8f81eb9) Importer(815301076,1909f56bfc062723c751e8b465ee728b)
Start importing Assets/Materials/Molduras/MolduraDPedro.mat using Guid(aa33ee6f21ca77680a109636f8f81eb9) Importer(815301076,1909f56bfc062723c751e8b465ee728b) (PreviewImporter) -> (artifact id: '5d5c2eec0d91a108c0b0c94a7c81e6a5') in 0.006079584 seconds
Number of updated asset objects reloaded before import = 0Number of asset objects unloaded after import = 2

========================================================================
Received Import Request.
  Time since last request: 0.000085 seconds.
  path: Assets/Materials/Molduras/MolduraPuzzle.mat
  artifactKey: Guid(3c7b304794c128042899b2f36742d412) Importer(815301076,1909f56bfc062723c751e8b465ee728b)
Start importing Assets/Materials/Molduras/MolduraPuzzle.mat using Guid(3c7b304794c128042899b2f36742d412) Importer(815301076,1909f56bfc062723c751e8b465ee728b) (PreviewImporter) -> (artifact id: 'edf629ee697b8805b3336af28bdea1f3') in 0.037330292 seconds
Number of updated asset objects reloaded before import = 0Number of asset objects unloaded after import = 2

========================================================================
Received Import Request.
  Time since last request: 0.320971 seconds.
  path: Assets/Materials/Peças/LockedPiece.mat
  artifactKey: Guid(04063612fba134b59b941f6e5dbfb79a) Importer(815301076,1909f56bfc062723c751e8b465ee728b)
Start importing Assets/Materials/Peças/LockedPiece.mat using Guid(04063612fba134b59b941f6e5dbfb79a) Importer(815301076,1909f56bfc062723c751e8b465ee728b) (PreviewImporter) -> (artifact id: 'd10f25717b2a97ab23cffba04ca049b4') in 0.007024 seconds
Number of updated asset objects reloaded before import = 0Number of asset objects unloaded after import = 2

========================================================================
Received Import Request.
  Time since last request: 0.000047 seconds.
  path: Assets/Materials/Peças/Peça_19.mat
  artifactKey: Guid(42f2c5625100b433188bdf620865dc2c) Importer(815301076,1909f56bfc062723c751e8b465ee728b)
Start importing Assets/Materials/Peças/Peça_19.mat using Guid(42f2c5625100b433188bdf620865dc2c) Importer(815301076,1909f56bfc062723c751e8b465ee728b) (PreviewImporter) -> (artifact id: 'f4575184b5d6a43526902ef07e9302ed') in 0.007827167 seconds
Number of updated asset objects reloaded before import = 0Number of asset objects unloaded after import = 2

========================================================================
Received Import Request.
  Time since last request: 0.000042 seconds.
  path: Assets/Materials/Peças/Peça_10.mat
  artifactKey: Guid(e6db9f428a26b404a941ab1b57bd2852) Importer(815301076,1909f56bfc062723c751e8b465ee728b)
Start importing Assets/Materials/Peças/Peça_10.mat using Guid(e6db9f428a26b404a941ab1b57bd2852) Importer(815301076,1909f56bfc062723c751e8b465ee728b) (PreviewImporter) -> (artifact id: 'c6c6ecfc0a370f366427cb50ab4271c9') in 0.00738175 seconds
Number of updated asset objects reloaded before import = 0Number of asset objects unloaded after import = 2

========================================================================
Received Import Request.
  Time since last request: 0.000047 seconds.
  path: Assets/Materials/Peças/Peça_07.mat
  artifactKey: Guid(86c6a0011f198400aadf1d539e3bfbfd) Importer(815301076,1909f56bfc062723c751e8b465ee728b)
Start importing Assets/Materials/Peças/Peça_07.mat using Guid(86c6a0011f198400aadf1d539e3bfbfd) Importer(815301076,1909f56bfc062723c751e8b465ee728b) (PreviewImporter) -> (artifact id: '7b8719a8e4ec5a1ecebbc0852924d9a4') in 0.007086875 seconds
Number of updated asset objects reloaded before import = 0Number of asset objects unloaded after import = 2

========================================================================
Received Import Request.
  Time since last request: 0.000028 seconds.
  path: Assets/Materials/Peças/Peça_09.mat
  artifactKey: Guid(dee225869e2be470ba4dd7d6531b26e3) Importer(815301076,1909f56bfc062723c751e8b465ee728b)
Start importing Assets/Materials/Peças/Peça_09.mat using Guid(dee225869e2be470ba4dd7d6531b26e3) Importer(815301076,1909f56bfc062723c751e8b465ee728b) (PreviewImporter) -> (artifact id: '2371087f6156df1220aff3308e6fa499') in 0.006994833 seconds
Number of updated asset objects reloaded before import = 0Number of asset objects unloaded after import = 2

========================================================================
Received Import Request.
  Time since last request: 0.000042 seconds.
  path: Assets/Materials/Peças/Peça_04.mat
  artifactKey: Guid(b1f1522899b0c437c9b39bc8183c297e) Importer(815301076,1909f56bfc062723c751e8b465ee728b)
Start importing Assets/Materials/Peças/Peça_04.mat using Guid(b1f1522899b0c437c9b39bc8183c297e) Importer(815301076,1909f56bfc062723c751e8b465ee728b) (PreviewImporter) -> (artifact id: '99445dd862796b3adda1f1b5434b0497') in 0.007070167 seconds
Number of updated asset objects reloaded before import = 0Number of asset objects unloaded after import = 2

========================================================================
Received Import Request.
  Time since last request: 0.000046 seconds.
  path: Assets/Materials/Peças/Peça_16.mat
  artifactKey: Guid(c91fa125b4bcf40a38fd36f64802c268) Importer(815301076,1909f56bfc062723c751e8b465ee728b)
Start importing Assets/Materials/Peças/Peça_16.mat using Guid(c91fa125b4bcf40a38fd36f64802c268) Importer(815301076,1909f56bfc062723c751e8b465ee728b) (PreviewImporter) -> (artifact id: 'e30959518fef6a027f850ab6f055bde4') in 0.006964208 seconds
Number of updated asset objects reloaded before import = 0Number of asset objects unloaded after import = 2

========================================================================
Received Import Request.
  Time since last request: 0.000047 seconds.
  path: Assets/Materials/Peças/Peça_24.mat
  artifactKey: Guid(1969a4daffff54672a88f2d159b3b8f9) Importer(815301076,1909f56bfc062723c751e8b465ee728b)
Start importing Assets/Materials/Peças/Peça_24.mat using Guid(1969a4daffff54672a88f2d159b3b8f9) Importer(815301076,1909f56bfc062723c751e8b465ee728b) (PreviewImporter) -> (artifact id: 'f2c0d755a26f13b462f6173ea389942f') in 0.012293542 seconds
Number of updated asset objects reloaded before import = 0Number of asset objects unloaded after import = 2

========================================================================
Received Import Request.
  Time since last request: 0.000038 seconds.
  path: Assets/Materials/Peças/Peça_12.mat
  artifactKey: Guid(1c5195c0072d64b77ae7172789155313) Importer(815301076,1909f56bfc062723c751e8b465ee728b)
Start importing Assets/Materials/Peças/Peça_12.mat using Guid(1c5195c0072d64b77ae7172789155313) Importer(815301076,1909f56bfc062723c751e8b465ee728b) (PreviewImporter) -> (artifact id: 'fccdc5b8c47a643855caa83ed296d5ca') in 0.009820458 seconds
Number of updated asset objects reloaded before import = 0Number of asset objects unloaded after import = 2

========================================================================
Received Import Request.
  Time since last request: 0.000048 seconds.
  path: Assets/Materials/Peças/Peça_26.mat
  artifactKey: Guid(4e38c8faa74074f3fac7b7953b4e6943) Importer(815301076,1909f56bfc062723c751e8b465ee728b)
Start importing Assets/Materials/Peças/Peça_26.mat using Guid(4e38c8faa74074f3fac7b7953b4e6943) Importer(815301076,1909f56bfc062723c751e8b465ee728b) (PreviewImporter) -> (artifact id: '5f854c80ad1cbc4d8113569848cb01ff') in 0.008530042 seconds
Number of updated asset objects reloaded before import = 0Number of asset objects unloaded after import = 2

========================================================================
Received Import Request.
  Time since last request: 0.000044 seconds.
  path: Assets/Materials/Peças/Peça_13.mat
  artifactKey: Guid(5616360542e80469a8b253835b92e5c8) Importer(815301076,1909f56bfc062723c751e8b465ee728b)
Start importing Assets/Materials/Peças/Peça_13.mat using Guid(5616360542e80469a8b253835b92e5c8) Importer(815301076,1909f56bfc062723c751e8b465ee728b) (PreviewImporter) -> (artifact id: '55ebb3c37457547e3c86483b96afecfc') in 0.008281 seconds
Number of updated asset objects reloaded before import = 0Number of asset objects unloaded after import = 2

========================================================================
Received Import Request.
  Time since last request: 0.000025 seconds.
  path: Assets/Materials/Peças/Peça_11.mat
  artifactKey: Guid(64cf53c5a1c0847ef9841ee1d7197163) Importer(815301076,1909f56bfc062723c751e8b465ee728b)
Start importing Assets/Materials/Peças/Peça_11.mat using Guid(64cf53c5a1c0847ef9841ee1d7197163) Importer(815301076,1909f56bfc062723c751e8b465ee728b) (PreviewImporter) -> (artifact id: 'eb6edc1f89e1accad8c9867384c76bb2') in 0.006766959 seconds
Number of updated asset objects reloaded before import = 0Number of asset objects unloaded after import = 2

========================================================================
Received Import Request.
  Time since last request: 0.000053 seconds.
  path: Assets/Materials/Peças/Peça_14.mat
  artifactKey: Guid(03efe64512a83495db9c648bfe1a25b7) Importer(815301076,1909f56bfc062723c751e8b465ee728b)
Start importing Assets/Materials/Peças/Peça_14.mat using Guid(03efe64512a83495db9c648bfe1a25b7) Importer(815301076,1909f56bfc062723c751e8b465ee728b) (PreviewImporter) -> (artifact id: '6086a80977eddf0eaaeaa24f3b952921') in 0.006995292 seconds
Number of updated asset objects reloaded before import = 0Number of asset objects unloaded after import = 2

========================================================================
Received Import Request.
  Time since last request: 0.281340 seconds.
  path: Assets/Materials/Pinturas/DPedro.mat
  artifactKey: Guid(c6233cbc4be51fb02af9acc45377a0a2) Importer(815301076,1909f56bfc062723c751e8b465ee728b)
Start importing Assets/Materials/Pinturas/DPedro.mat using Guid(c6233cbc4be51fb02af9acc45377a0a2) Importer(815301076,1909f56bfc062723c751e8b465ee728b) (PreviewImporter) -> (artifact id: '92af0c3fd9af84422027f006108f60a8') in 0.020229083 seconds
Number of updated asset objects reloaded before import = 0Number of asset objects unloaded after import = 2

========================================================================
Received Import Request.
  Time since last request: 317.067509 seconds.
  path: Assets/Materials/Pinturas/Sala2/AcademiaInverno.mat
  artifactKey: Guid(1849b975ab1aa5845b56861ce7ba4c2b) Importer(815301076,1909f56bfc062723c751e8b465ee728b)
Start importing Assets/Materials/Pinturas/Sala2/AcademiaInverno.mat using Guid(1849b975ab1aa5845b56861ce7ba4c2b) Importer(815301076,1909f56bfc062723c751e8b465ee728b) (PreviewImporter) -> (artifact id: '2da5573d391bcac28ba2b47638ce2276') in 0.0350765 seconds
Number of updated asset objects reloaded before import = 0Number of asset objects unloaded after import = 2

========================================================================
Received Import Request.
  Time since last request: 0.000074 seconds.
  path: Assets/Materials/Pinturas/Sala2/Junot.mat
  artifactKey: Guid(d10269bb11a99e19384ba53325211991) Importer(815301076,1909f56bfc062723c751e8b465ee728b)
Start importing Assets/Materials/Pinturas/Sala2/Junot.mat using Guid(d10269bb11a99e19384ba53325211991) Importer(815301076,1909f56bfc062723c751e8b465ee728b) (PreviewImporter) -> (artifact id: '4d7b10387821caeb327c6058094f1b51') in 0.008837417 seconds
Number of updated asset objects reloaded before import = 0Number of asset objects unloaded after import = 2

========================================================================
Received Import Request.
  Time since last request: 0.351744 seconds.
  path: Assets/Materials/Pinturas/Sala3/Amai-vos.mat
  artifactKey: Guid(185e56c23f115a9d39555e3908a7fd0e) Importer(815301076,1909f56bfc062723c751e8b465ee728b)
Start importing Assets/Materials/Pinturas/Sala3/Amai-vos.mat using Guid(185e56c23f115a9d39555e3908a7fd0e) Importer(815301076,1909f56bfc062723c751e8b465ee728b) (PreviewImporter) -> (artifact id: '75629c352075706bfa5463580f544a72') in 0.011052875 seconds
Number of updated asset objects reloaded before import = 0Number of asset objects unloaded after import = 2

========================================================================
Received Import Request.
  Time since last request: 0.000069 seconds.
  path: Assets/Materials/Pinturas/Sala3/Portrait.mat
  artifactKey: Guid(d47e6704b4d8aaac7a33e4e0054aba54) Importer(815301076,1909f56bfc062723c751e8b465ee728b)
Start importing Assets/Materials/Pinturas/Sala3/Portrait.mat using Guid(d47e6704b4d8aaac7a33e4e0054aba54) Importer(815301076,1909f56bfc062723c751e8b465ee728b) (PreviewImporter) -> (artifact id: 'bf4d8b65548e95f0b67ff12f1d7e21d9') in 0.013210333 seconds
Number of updated asset objects reloaded before import = 0Number of asset objects unloaded after import = 2

========================================================================
Received Import Request.
  Time since last request: 0.000034 seconds.
  path: Assets/Materials/Pinturas/Sala3/Visconde.mat
  artifactKey: Guid(17c2f0836dab7a18fbb4f766ddcee42f) Importer(815301076,1909f56bfc062723c751e8b465ee728b)
Start importing Assets/Materials/Pinturas/Sala3/Visconde.mat using Guid(17c2f0836dab7a18fbb4f766ddcee42f) Importer(815301076,1909f56bfc062723c751e8b465ee728b) (PreviewImporter) -> (artifact id: '23c61669bdcd8df91b07ed6e35a5f126') in 0.007555875 seconds
Number of updated asset objects reloaded before import = 0Number of asset objects unloaded after import = 2

========================================================================
Received Import Request.
  Time since last request: 0.000068 seconds.
  path: Assets/Materials/Pinturas/Sala3/RecCadaver.mat
  artifactKey: Guid(c500fb058513265c3a1f7999147c4aa6) Importer(815301076,1909f56bfc062723c751e8b465ee728b)
Start importing Assets/Materials/Pinturas/Sala3/RecCadaver.mat using Guid(c500fb058513265c3a1f7999147c4aa6) Importer(815301076,1909f56bfc062723c751e8b465ee728b) (PreviewImporter) -> (artifact id: 'ded01c8197a1cc045111bcdf18774450') in 0.061354041 seconds
Number of updated asset objects reloaded before import = 0Number of asset objects unloaded after import = 2

========================================================================
Received Import Request.
  Time since last request: 0.000070 seconds.
  path: Assets/Materials/Pinturas/Sala3/SantaIsabel.mat
  artifactKey: Guid(a2640b81bb3e0f91ab676dcb9a2c8beb) Importer(815301076,1909f56bfc062723c751e8b465ee728b)
Start importing Assets/Materials/Pinturas/Sala3/SantaIsabel.mat using Guid(a2640b81bb3e0f91ab676dcb9a2c8beb) Importer(815301076,1909f56bfc062723c751e8b465ee728b) (PreviewImporter) -> (artifact id: 'dc420ae35eac287f0b39cb34d25ee105') in 0.013331625 seconds
Number of updated asset objects reloaded before import = 0Number of asset objects unloaded after import = 2

========================================================================
Received Import Request.
  Time since last request: 311.631719 seconds.
  path: Assets/Textures/Construção/Materials/New Material.mat
  artifactKey: Guid(d88f95607285f4bd5969d522c8b3a708) Importer(815301076,1909f56bfc062723c751e8b465ee728b)
Start importing Assets/Textures/Construção/Materials/New Material.mat using Guid(d88f95607285f4bd5969d522c8b3a708) Importer(815301076,1909f56bfc062723c751e8b465ee728b) (PreviewImporter) -> (artifact id: '789f70b07cb764746b341969655d4aaa') in 0.096580875 seconds
Number of updated asset objects reloaded before import = 0Number of asset objects unloaded after import = 1

========================================================================
Received Import Request.
  Time since last request: 0.768473 seconds.
  path: Assets/Textures/Construção/Materials/New Material.mat
  artifactKey: Guid(d88f95607285f4bd5969d522c8b3a708) Importer(2089858483,b0f066a214c2f5e87bad3c948f4d605d)
Start importing Assets/Textures/Construção/Materials/New Material.mat using Guid(d88f95607285f4bd5969d522c8b3a708) Importer(2089858483,b0f066a214c2f5e87bad3c948f4d605d) (ScriptedImporter) -> (artifact id: 'e1c0a1ac6f2ea51d50305eb99f4e8731') in 0.125941375 seconds
Number of updated asset objects reloaded before import = 0Number of asset objects unloaded after import = 1

========================================================================
Received Import Request.
  Time since last request: 162.450321 seconds.
  path: Assets/Textures/Construção/Materials/New Material 1.mat
  artifactKey: Guid(36ef11d15394d4de788bba83c474842d) Importer(815301076,1909f56bfc062723c751e8b465ee728b)
Start importing Assets/Textures/Construção/Materials/New Material 1.mat using Guid(36ef11d15394d4de788bba83c474842d) Importer(815301076,1909f56bfc062723c751e8b465ee728b) (PreviewImporter) -> (artifact id: 'e93f17da36f54e33a29cded09fd18df9') in 0.03161925 seconds
Number of updated asset objects reloaded before import = 0Number of asset objects unloaded after import = 1

========================================================================
Received Import Request.
  Time since last request: 0.804438 seconds.
  path: Assets/Textures/Construção/Materials/New Material 1.mat
  artifactKey: Guid(36ef11d15394d4de788bba83c474842d) Importer(2089858483,b0f066a214c2f5e87bad3c948f4d605d)
Start importing Assets/Textures/Construção/Materials/New Material 1.mat using Guid(36ef11d15394d4de788bba83c474842d) Importer(2089858483,b0f066a214c2f5e87bad3c948f4d605d) (ScriptedImporter) -> (artifact id: '640291bf244f7a28e32b8a7dfca58c6d') in 0.006874041 seconds
Number of updated asset objects reloaded before import = 0Number of asset objects unloaded after import = 1

========================================================================
Received Import Request.
  Time since last request: 3.440154 seconds.
  path: Assets/Textures/Construção/Materials/Paredes.mat
  artifactKey: Guid(d88f95607285f4bd5969d522c8b3a708) Importer(815301076,1909f56bfc062723c751e8b465ee728b)
Start importing Assets/Textures/Construção/Materials/Paredes.mat using Guid(d88f95607285f4bd5969d522c8b3a708) Importer(815301076,1909f56bfc062723c751e8b465ee728b) (PreviewImporter) -> (artifact id: '56f3b93c320169004ab8976bfd7c0f5a') in 0.006353792 seconds
Number of updated asset objects reloaded before import = 0Number of asset objects unloaded after import = 1

========================================================================
Received Import Request.
  Time since last request: 0.954781 seconds.
  path: Assets/Textures/Construção/Materials/Paredes.mat
  artifactKey: Guid(d88f95607285f4bd5969d522c8b3a708) Importer(2089858483,b0f066a214c2f5e87bad3c948f4d605d)
Start importing Assets/Textures/Construção/Materials/Paredes.mat using Guid(d88f95607285f4bd5969d522c8b3a708) Importer(2089858483,b0f066a214c2f5e87bad3c948f4d605d) (ScriptedImporter) -> (artifact id: '390c6e4b6f08fa2eaed5d3664cefbc9a') in 0.004246625 seconds
Number of updated asset objects reloaded before import = 0Number of asset objects unloaded after import = 1

========================================================================
Received Import Request.
  Time since last request: 59.006710 seconds.
  path: Assets/Textures/Construção/Materials/Portas.mat
  artifactKey: Guid(36ef11d15394d4de788bba83c474842d) Importer(815301076,1909f56bfc062723c751e8b465ee728b)
Start importing Assets/Textures/Construção/Materials/Portas.mat using Guid(36ef11d15394d4de788bba83c474842d) Importer(815301076,1909f56bfc062723c751e8b465ee728b) (PreviewImporter) -> (artifact id: '491431bb9619cd4523c88ba179e3b716') in 0.030111875 seconds
Number of updated asset objects reloaded before import = 0Number of asset objects unloaded after import = 1

========================================================================
Received Import Request.
  Time since last request: 0.862410 seconds.
  path: Assets/Textures/Construção/Materials/Portas.mat
  artifactKey: Guid(36ef11d15394d4de788bba83c474842d) Importer(2089858483,b0f066a214c2f5e87bad3c948f4d605d)
Start importing Assets/Textures/Construção/Materials/Portas.mat using Guid(36ef11d15394d4de788bba83c474842d) Importer(2089858483,b0f066a214c2f5e87bad3c948f4d605d) (ScriptedImporter) -> (artifact id: '463e8986c46e70cc8c92b78279468733') in 0.006091083 seconds
Number of updated asset objects reloaded before import = 0Number of asset objects unloaded after import = 1

========================================================================
Received Prepare
Begin MonoManager ReloadAssembly
[Licensing::Client] Successfully resolved entitlement details
Thread 0x16d147000 may have been prematurely finalized
- Loaded All Assemblies, in  1.664 seconds
Refreshing native plugins compatible for Editor in 5.67 ms, found 10 plugins.
Native extension for Android target not found
Native extension for OSXStandalone target not found
Native extension for WebGL target not found
[Package Manager] Failed to launch server process. Reason: Unity was launched with the -noUpm command-line argument
[Package Manager] Unable to send message (not connected to server process).
[Package Manager] Cannot connect to Unity Package Manager local server
ScheduleIndexationOnStartup MainProcess:False IndexOnStartup:True
Mono: successfully reloaded assembly
[Package Manager] Failed to launch server process. Reason: Unity was launched with the -noUpm command-line argument
[Package Manager] Unable to send message (not connected to server process).
[Package Manager] Cannot connect to Unity Package Manager local server
- Finished resetting the current domain, in  0.920 seconds
Domain Reload Profiling: 2586ms
	BeginReloadAssembly (1034ms)
		ExecutionOrderSort (1ms)
		DisableScriptedObjects (31ms)
		BackupInstance (0ms)
		ReleaseScriptingObjects (4ms)
		CreateAndSetChildDomain (211ms)
	RebuildCommonClasses (28ms)
	RebuildNativeTypeToScriptingClass (11ms)
	initialDomainReloadingComplete (35ms)
	LoadAllAssembliesAndSetupDomain (558ms)
		LoadAssemblies (955ms)
		RebuildTransferFunctionScriptingTraits (0ms)
		AnalyzeDomain (217ms)
			TypeCache.Refresh (23ms)
				TypeCache.ScanAssembly (0ms)
			BuildScriptInfoCaches (178ms)
			ResolveRequiredComponents (12ms)
	FinalizeReload (920ms)
		ReleaseScriptCaches (0ms)
		RebuildScriptCaches (0ms)
		SetupLoadedEditorAssemblies (770ms)
			LogAssemblyErrors (0ms)
			InitializePlatformSupportModulesInManaged (7ms)
			SetLoadedEditorAssemblies (5ms)
			BeforeProcessingInitializeOnLoad (97ms)
			ProcessInitializeOnLoadAttributes (542ms)
			ProcessInitializeOnLoadMethodAttributes (116ms)
			AfterProcessingInitializeOnLoad (2ms)
			EditorAssembliesLoaded (1ms)
		ExecutionOrderSort2 (0ms)
		AwakeInstancesAfterBackupRestoration (12ms)
WARNING: Shader Unsupported: 'Hidden/Simulation/URP/Synthetic' - All subshaders removed
WARNING: Shader Did you use #pragma only_renderers and omit this platform?
WARNING: Shader If subshaders removal was intentional, you may have forgotten turning Fallback off?
WARNING: Shader Unsupported: 'Hidden/Simulation/URP/Synthetic' - All subshaders removed
WARNING: Shader Did you use #pragma only_renderers and omit this platform?
WARNING: Shader If subshaders removal was intentional, you may have forgotten turning Fallback off?
WARNING: Shader Unsupported: 'Hidden/Simulation/Synthetic Lit' - All subshaders removed
WARNING: Shader Did you use #pragma only_renderers and omit this platform?
WARNING: Shader If subshaders removal was intentional, you may have forgotten turning Fallback off?
WARNING: Shader Unsupported: 'Hidden/Simulation/Synthetic Lit' - All subshaders removed
WARNING: Shader Did you use #pragma only_renderers and omit this platform?
WARNING: Shader If subshaders removal was intentional, you may have forgotten turning Fallback off?
WARNING: Shader Unsupported: 'Simulation/Standard Lit' - All subshaders removed
WARNING: Shader Did you use #pragma only_renderers and omit this platform?
WARNING: Shader If subshaders removal was intentional, you may have forgotten turning Fallback off?
WARNING: Shader Unsupported: 'Simulation/Standard Lit' - All subshaders removed
WARNING: Shader Did you use #pragma only_renderers and omit this platform?
WARNING: Shader If subshaders removal was intentional, you may have forgotten turning Fallback off?
WARNING: Shader Unsupported: 'Universal Render Pipeline/VR/SpatialMapping/Wireframe' - All subshaders removed
WARNING: Shader Did you use #pragma only_renderers and omit this platform?
WARNING: Shader If subshaders removal was intentional, you may have forgotten turning Fallback off?
WARNING: Shader Unsupported: 'Universal Render Pipeline/VR/SpatialMapping/Wireframe' - All subshaders removed
WARNING: Shader Did you use #pragma only_renderers and omit this platform?
WARNING: Shader If subshaders removal was intentional, you may have forgotten turning Fallback off?
WARNING: Shader Unsupported: 'Simulation/URP/Room X-Ray' - All subshaders removed
WARNING: Shader Did you use #pragma only_renderers and omit this platform?
WARNING: Shader If subshaders removal was intentional, you may have forgotten turning Fallback off?
WARNING: Shader Unsupported: 'Simulation/URP/Room X-Ray' - All subshaders removed
WARNING: Shader Did you use #pragma only_renderers and omit this platform?
WARNING: Shader If subshaders removal was intentional, you may have forgotten turning Fallback off?
WARNING: Shader Unsupported: 'Simulation/Room X-Ray' - All subshaders removed
WARNING: Shader Did you use #pragma only_renderers and omit this platform?
WARNING: Shader If subshaders removal was intentional, you may have forgotten turning Fallback off?
WARNING: Shader Unsupported: 'Simulation/Room X-Ray' - All subshaders removed
WARNING: Shader Did you use #pragma only_renderers and omit this platform?
WARNING: Shader If subshaders removal was intentional, you may have forgotten turning Fallback off?
WARNING: Shader Unsupported: 'Simulation/URP/Lit' - All subshaders removed
WARNING: Shader Did you use #pragma only_renderers and omit this platform?
WARNING: Shader If subshaders removal was intentional, you may have forgotten turning Fallback off?
WARNING: Shader Unsupported: 'Simulation/URP/Lit' - All subshaders removed
WARNING: Shader Did you use #pragma only_renderers and omit this platform?
WARNING: Shader If subshaders removal was intentional, you may have forgotten turning Fallback off?
Refreshing native plugins compatible for Editor in 5.86 ms, found 10 plugins.
Preloading 0 native plugins for Editor in 0.00 ms.
Unloading 23 Unused Serialized files (Serialized files now loaded: 0)
Unloading 6624 unused Assets / (5.5 MB). Loaded Objects now: 7488.
Memory consumption went from 204.7 MB to 199.2 MB.
Total: 19.861792 ms (FindLiveObjects: 0.615375 ms CreateObjectMapping: 0.482875 ms MarkObjects: 15.372042 ms  DeleteObjects: 3.391250 ms)

Prepare: number of updated asset objects reloaded= 0
